Elapsed Time,II
0.0,0.08873153623180077
0.002,0.10881881650236426
0.004,0.13979810738709814
0.006,0.13132579251770077
0.008,0.14154011614287454
0.01,0.15571718829049958
0.012,0.1824079159370474
0.014,0.21114593069344323
0.016,0.23844467572705916
0.018,0.25371789527052424
0.02,0.2459721106136527
0.022,0.24345383967514347
0.024,0.23488181019390256
0.026,0.24283733703202506
0.028,0.26910330585661235
0.03,0.2927632539717823
0.032,0.3052686131787501
0.034,0.30674713536641307
0.036,0.29204530080684327
0.038,0.26071578242402604
0.04,0.2443257864899561
0.042,0.22856755383813987
0.044,0.23097861155093974
0.046,0.2335661918361327
0.048,0.24347453147753262
0.05,0.23264746899746833
0.052,0.20412555193164908
0.054,0.1977323432517324
0.056,0.1769643338030246
0.058,0.173370570882718
0.06,0.17891225616052292
0.062,0.16078811115648808
0.064,0.1392343131472974
0.066,0.1216468253556287
0.068,0.11077146831070507
0.07,0.09503300602954741
0.072,0.08372882850083002
0.074,0.06349385526122625
0.076,0.03232367793195474
0.078,0.009716599727002687
0.08,0.010163509800174574
0.082,-0.0061858629734111836
0.084,-0.0227333062066969
0.086,-0.03463604884104892
0.088,-0.07398659606254153
0.09,-0.1015399992607675
0.092,-0.11884024745552928
0.094,-0.14250562525713464
0.096,-0.1616261219984499
0.098,-0.16358265362102073
0.1,-0.16879212066594704
0.102,-0.17646099570380758
0.104,-0.19372706673856654
0.106,-0.20882210521289615
0.108,-0.23815005226135524
0.11,-0.2407166283096882
0.112,-0.22126127174044372
0.114,-0.21017531780690743
0.116,-0.20306873699065472
0.118,-0.20546574016864336
0.12,-0.21515715992580872
0.122,-0.2344732851973577
0.124,-0.22209479186838638
0.126,-0.21849346095514205
0.128,-0.22407790891463722
0.13,-0.21939494719985245
0.132,-0.22043738376121116
0.134,-0.23439809472038536
0.136,-0.24506706190935115
0.138,-0.24436838955753912
0.14,-0.2617418422845095
0.142,-0.2607315003835743
0.144,-0.2345212272221235
0.146,-0.22812727675017322
0.148,-0.2227428911110154
0.15,-0.21152503080811777
0.152,-0.21319876982027958
0.154,-0.2195617603767644
0.156,-0.20181270094060183
0.158,-0.18333515661135166
0.16,-0.19436677935854735
0.162,-0.18555794004836465
0.164,-0.17543755754513243
0.166,-0.192815328782631
0.168,-0.1819421233308095
0.17,-0.16102991437017927
0.172,-0.16550645754893667
0.174,-0.1691304541340557
0.176,-0.15637852600265495
0.178,-0.17169312054626118
0.18,-0.1952731201428793
0.182,-0.17108115000804974
0.184,-0.15450793265107882
0.186,-0.1675065598885835
0.188,-0.14050784583425838
0.19,-0.12564289895102027
0.192,-0.1786773498639564
0.194,-0.145113617910082
0.196,-0.08162412499887206
0.198,-0.13251666147990973
0.2,-0.036971214730210235
0.202,-0.044406027765245215
0.204,-0.09356032620446819
0.206,-0.07053560822574635
0.208,-0.06560949208026566
0.21,-0.09317520112205407
0.212,-0.06415378177467546
0.214,-0.04047935146821888
0.216,-0.06752663682997263
0.218,-0.054340759426779364
0.22,-0.021469339364919987
0.222,-0.042447697843979386
0.224,-0.02597017300098858
0.226,-0.0012877071481172126
0.228,0.0008836978817833004
0.23,-0.003079916744265057
0.232,0.02412641329848902
0.234,0.012971246278193613
0.236,-0.01037198424378891
0.238,-0.0030998911446187094
0.24,0.00011095036744207198
0.242,-0.020885536853030264
0.244,-0.00013139076638056055
0.246,0.011759341267876207
0.248,-0.004999005553641514
0.25,0.009937855539328036
0.252,0.02044563582305127
0.254,0.013804062630395722
0.256,0.0066154358361252465
0.258,0.01905180224069502
0.26,-0.0015777966597680423
0.262,-0.017592526553255026
0.264,-0.011144498052026042
0.266,-0.009809876029297053
0.268,-0.016386263587276857
0.27,0.009354210801642867
0.272,0.022737425988750205
0.274,0.004012804404288648
0.276,0.016000984830399034
0.278,0.023638982376184337
0.28,0.021136145481578012
0.282,0.04617944027415465
0.284,0.06885553766774213
0.286,0.0637338616135227
0.288,0.047342600086283625
0.29,0.04859840192304754
0.292,0.024314648590288968
0.294,0.02247295767303965
0.296,0.03507400919236707
0.298,0.05203919202260188
0.3,0.038683807610753906
0.302,0.044294575116347594
0.304,0.03217430026813771
0.306,-0.0039275600300222886
0.308,-0.00824711509206221
0.31,0.0018410177105027824
0.312,-0.005091135712109783
0.314,0.011645663342785328
0.316,0.024885160869267644
0.318,0.015891502616320573
0.32,0.009326897630688032
0.322,0.028452842952455277
0.324,0.031094615134538428
0.326,0.032550072569066994
0.328,0.0485036653232218
0.33,0.04359276383649079
0.332,0.024610628100892002
0.334,0.01750376578022051
0.336,0.01626667192538977
0.338,-0.012251337799972948
0.34,-0.012903304997441288
0.342,0.0011483765437769135
0.344,-0.016183774274067114
0.346,-0.007059393143322583
0.348,0.010131275361533434
0.35,0.00863683326193983
0.352,0.022824795743210533
0.354,0.053644281850281715
0.356,0.0594739025086598
0.358,0.04718335892566141
0.36,0.042883148352872054
0.362,0.04435743348965107
0.364,0.03412704124879619
0.366,0.06854947277067683
0.368,0.107274196536266
0.37,0.09556712555121226
0.372,0.095356113080626
0.374,0.0999490684745108
0.376,0.06880411465265715
0.378,0.06379017436835323
0.38,0.09784982543003094
0.382,0.08539262577706738
0.384,0.07374252176723499
0.386,0.09984847100513541
0.388,0.07286184702953881
0.39,0.031071297586058245
0.392,0.06703840074063078
0.394,0.06749620713956955
0.396,0.07096523645434774
0.398,0.14780462956087306
0.4,0.1909880073978655
0.402,0.1283488615395898
0.404,0.19303741434745753
0.406,0.1311895738246309
0.408,0.08623064546187734
0.41,0.12681928147379257
0.412,0.11353546902068898
0.414,0.10244449916135501
0.416,0.13937733587585996
0.418,0.13693183512945534
0.42,0.11691272146540206
0.422,0.12993832424776594
0.424,0.1403780559458988
0.426,0.12807078801358607
0.428,0.15877296823593184
0.43,0.18676988257809757
0.432,0.178358240603896
0.434,0.17377141787309663
0.436,0.1699021849159592
0.438,0.15556602677965645
0.44,0.17583344847678326
0.442,0.2626553014851379
0.444,0.3734290896799221
0.446,0.5127815796658576
0.448,0.6920291318080644
0.45,0.8333870240080676
0.452,0.937299396478805
0.454,1.0219705959496765
0.456,1.0622650761003762
0.458,1.0666230341691365
0.46,1.0615726661422957
0.462,0.9950939045130885
0.464,0.8501371820201068
0.466,0.6443587268220533
0.468,0.41178803521486873
0.47,0.17752534374362014
0.472,0.014674557491143632
0.474,-0.09940717280280639
0.476,-0.17309936712918692
0.478,-0.23766471104488068
0.48,-0.275167277849425
0.482,-0.2937946292531858
0.484,-0.27878273201330706
0.486,-0.2365270941549868
0.488,-0.1837904938119411
0.49,-0.15063122804484327
0.492,-0.1261374452150795
0.494,-0.09579908304364436
0.496,-0.09071067093854607
0.498,-0.08481214038557898
0.5,-0.07751125109910863
0.502,-0.09511670861034202
0.504,-0.08437794981450891
0.506,-0.05108783154326131
0.508,-0.025591050912726954
0.51,0.016066715698816507
0.512,0.023057635490159628
0.514,0.02992704463234519
0.516,0.020336093810002853
0.518,0.025320588734652684
0.52,0.027806306853396516
0.522,0.023934952324562598
0.524,0.011458103602612858
0.526,0.0032809357416940634
0.528,-0.00630068481654202
0.53,-0.010580654002527105
0.532,-0.0018784186919310751
0.534,-0.005909107936591552
0.536,-0.005867858971231744
0.538,0.005145331439869929
0.54,0.012145066944610238
0.542,0.016965284483904837
0.544,0.018482436586357096
0.546,0.010676532595069753
0.548,0.001519715415211333
0.55,-0.00022316669287376564
0.552,0.003284354227842043
0.554,-0.003158015589163211
0.556,-0.009387109751519462
0.558,-0.004252679249966187
0.56,-0.0018468342378660844
0.562,0.011204153810438863
0.564,0.01895985604589134
0.566,0.017479774489811976
0.568,4.587069607889128e-05
0.57,0.011851908339343076
0.572,0.01818474628702462
0.574,0.02080263640011955
0.576,0.026628871872500813
0.578,0.018155045800752615
0.58,0.00808011680781107
0.582,0.034618742091189696
0.584,0.06240259407039598
0.586,0.06198803495500051
0.588,0.06039633576947556
0.59,0.05030982657503515
0.592,0.037970482161515134
0.594,0.07723098374688331
0.596,0.12778440304357988
0.598,0.10033151876110527
0.6,0.12065593419876691
0.602,0.07103331255642596
0.604,0.07257526318157298
0.606,0.12482217927367191
0.608,0.156149354589734
0.61,0.18263925211004356
0.612,0.1823336547941136
0.614,0.1659648617724952
0.616,0.17936009758948254
0.618,0.21309894506784913
0.62,0.24835220708367
0.622,0.270455242158622
0.624,0.2699778523370256
0.626,0.2730643558666469
0.628,0.28004675197374607
0.63,0.2874532079172909
0.632,0.30233952076802845
0.634,0.3017888465556032
0.636,0.30409346416793165
0.638,0.3154647156434759
0.64,0.3157287187775142
0.642,0.309810334188547
0.644,0.30281322208061157
0.646,0.302667141974625
0.648,0.31450729467392236
0.65,0.3408306427550309
0.652,0.3436142763035196
0.654,0.3287922313079077
0.656,0.303564135008848
0.658,0.2921495922640725
0.66,0.2927508949920684
0.662,0.3034445976407013
0.664,0.2976882460598447
0.666,0.26695539255229617
0.668,0.2348755604272365
0.67,0.20685587731304408
0.672,0.19290063613674316
0.674,0.18163107681831647
0.676,0.17646426459609452
0.678,0.1580058522595384
0.68,0.1416824995925119
0.682,0.1236701848455644
0.684,0.08429266519674347
0.686,0.05394206054169355
0.688,0.020493094221025278
0.69,0.0028138300808382435
0.692,-0.008175315463575864
0.694,-0.032385883627621036
0.696,-0.07043832995877966
0.698,-0.11853191791657607
0.7,-0.14314858100151148
0.702,-0.1527491333688476
0.704,-0.14549312306591264
0.706,-0.1494300088954175
0.708,-0.17388924501865993
0.71,-0.19263611011426854
0.712,-0.21069220107736258
0.714,-0.20742686305005598
0.716,-0.20932491796049937
0.718,-0.21605337749117495
0.72,-0.22850280161998696
0.722,-0.23436530504806902
0.724,-0.23020226989606188
0.726,-0.23231369299896695
0.728,-0.2353328625536599
0.73,-0.24042395564901498
0.732,-0.2416745539821877
0.734,-0.2194615844702967
0.736,-0.21441334836807385
0.738,-0.21960674153684365
0.74,-0.2430124002851287
0.742,-0.25760533504358846
0.744,-0.2579974241628806
0.746,-0.2358415926946288
0.748,-0.2272780254040853
0.75,-0.23572232651992497
0.752,-0.24774609109617957
0.754,-0.25049174482671516
0.756,-0.2324098422849802
0.758,-0.206485036732092
0.76,-0.19377262306278206
0.762,-0.18837268775813262
0.764,-0.1847501307877312
0.766,-0.17238841535050572
0.768,-0.15951739591073177
0.77,-0.16143029196908285
0.772,-0.16787971905512158
0.774,-0.16592417676740367
0.776,-0.1435410547147274
0.778,-0.11909176511216962
0.78,-0.10660958593793113
0.782,-0.12470804165540732
0.784,-0.1411127802018533
0.786,-0.12906689984902894
0.788,-0.0903255521289185
0.79,-0.05572210811324794
0.792,-0.05979682301806388
0.794,-0.08110940015660231
0.796,-0.11774468163952209
0.798,-0.11115518536176228
0.8,-0.05295200138475179
0.802,-0.06696860278567465
0.804,-0.04085789998746475
0.806,-0.08660240979323411
0.808,-0.11274175099456578
0.81,-0.07822915470392126
0.812,-0.06019747743817163
0.814,-0.04783404109052436
0.816,-0.051006161121983716
0.818,-0.06503170626875779
0.82,-0.07277540043792625
0.822,-0.038995753461118186
0.824,-0.02568977217448832
0.826,-0.03103760597032549
0.828,-0.03557673704168749
0.83,-0.035479556445520546
0.832,-0.02243157563284132
0.834,-0.00023535303552343968
0.836,0.006357007389196106
0.838,-0.014382409378282146
0.84,-0.024853661906580896
0.842,-0.016067527422551412
0.844,-0.004177355313442408
0.846,0.011734444911780726
0.848,0.011594233599711212
0.85,-0.0021076866699037463
0.852,-0.002443606794091438
0.854,0.009442232102008305
0.856,0.026771409681905875
0.858,0.03283031366565208
0.86,0.0382982093975656
0.862,0.04050198758383869
0.864,0.04462637099699942
0.866,0.0552679351934595
0.868,0.05223072002626829
0.87,0.04792192564791936
0.872,0.04537189719341945
0.874,0.056116421736637646
0.876,0.058923952303345725
0.878,0.060201944097841645
0.88,0.03726265281658378
0.882,0.024148860619631826
0.884,0.018012591931798338
0.886,0.027054435523126794
0.888,0.041575665148176885
0.89,0.03723486959153492
0.892,0.019989581518179103
0.894,0.017935483630596334
0.896,0.008772138419994682
0.898,0.03316529367927959
0.9,0.04631328122696303
0.902,0.06211299159709863
0.904,0.06252312043235943
0.906,0.07370991713481984
0.908,0.06703293047550536
0.91,0.07554008900673193
0.912,0.0682405415167453
0.914,0.07365199929768368
0.916,0.07767063592077741
0.918,0.08116713247317739
0.92,0.08683263913945345
0.922,0.07751825245009905
0.924,0.06599402456377661
0.926,0.0723631727124698
0.928,0.07147203207097229
0.93,0.08732248872595753
0.932,0.09629610794095099
0.934,0.08835976982547745
0.936,0.086050594388332
0.938,0.06929165773553334
0.94,0.060621666754429905
0.942,0.04999850270301532
0.944,0.03756789931771987
0.946,0.03370936713118475
0.948,0.02640311083991777
0.95,0.015128316303360465
0.952,0.005900060408222379
0.954,-0.0007979866024219467
0.956,-0.010670894446246908
0.958,0.0032320521426816447
0.96,0.009310142744903707
0.962,-0.006371248347527291
0.964,-0.014569450762316725
0.966,-0.03856309832443225
0.968,-0.051874165046751956
0.97,-0.03710301570974883
0.972,-0.030910736070827415
0.974,-0.03268400475238866
0.976,-0.0543689743915679
0.978,-0.061622360844497834
0.98,-0.08134490678271963
0.982,-0.05139906574907202
0.984,-0.023987850062437355
0.986,-0.0005974171657768811
0.988,-0.001896959605099568
0.99,-0.010456958789264023
0.992,-0.04339258685473036
0.994,-0.06217767223157611
0.996,-0.054994663987340306
0.998,-0.04893984245394707
1.0,-0.031805806657202194
1.0,-0.02918109571714143
1.002,-0.04629607541571332
1.004,-0.07717982323195458
1.006,-0.0883879777241498
1.008,-0.07494442705799184
1.01,-0.041481288173902245
1.012,-0.010823667252810074
1.014,0.018008898593156557
1.016,-0.00885339298802655
1.018,-0.027657830293923557
1.02,-0.02842828986949737
1.022,-0.038235763634636336
1.024,-0.008758466903719106
1.026,0.0006396597008071596
1.028,0.00020456471432652264
1.03,-0.011155858004349458
1.032,-0.0058518891704213176
1.034,0.009627419482757603
1.036,0.002753402063606228
1.038,0.05144858952657685
1.04,0.021170838291773495
1.042,0.05094290444915694
1.044,0.045623025459060794
1.046,0.07583720701332744
1.048,0.07588077967301146
1.05,0.09530983010780544
1.052,0.08151104737643418
1.054,0.07091246925807002
1.056,0.07139465772824978
1.058,0.08762858401430092
1.06,0.10718945400932214
1.062,0.14060440252687192
1.064,0.14220043049647832
1.066,0.15633144548794184
1.068,0.1282834210266817
1.07,0.15007933507469093
1.072,0.14811165447068148
1.074,0.1612816592707185
1.076,0.18090374132395567
1.078,0.1763587526861937
1.08,0.15618958395973992
1.082,0.17100188495117485
1.084,0.13727224235021132
1.086,0.14714086555438818
1.088,0.1450277060987845
1.09,0.13651776662907403
1.092,0.1446450280589143
1.094,0.15683918954279763
1.096,0.14002626280478597
1.098,0.15419565561202528
1.1,0.12638859088676938
1.102,0.11562919603418777
1.104,0.10959832526600405
1.106,0.10963270425296008
1.108,0.09268604325794157
1.11,0.11538720840873273
1.112,0.07480803289531333
1.114,0.08553708136952944
1.116,0.06146646882794137
1.118,0.054833650528815316
1.12,0.03653011712734073
1.122,0.04072126337061255
1.124,0.02386554679290703
1.126,0.0450316313611673
1.128,0.021593519367093156
1.13,0.036451838973810755
1.132,-0.016827294461062577
1.134,-0.014960431268086535
1.136,-0.040842481941254456
1.138,-0.030198089595734844
1.14,-0.036977548412426425
1.142,-0.020953511032150735
1.144,-0.0632275404582594
1.146,-0.0685081880213287
1.148,-0.08327848043228783
1.15,-0.08885238583117641
1.152,-0.08889884586600438
1.154,-0.0700224154017653
1.156,-0.10362740951284528
1.158,-0.09894112244285468
1.16,-0.09381924602408179
1.162,-0.1078810540007148
1.164,-0.09711286763905223
1.166,-0.07963849627022661
1.168,-0.12650295274627138
1.17,-0.09294371509545069
1.172,-0.11577173221625645
1.174,-0.1060226090857518
1.176,-0.09877009080369911
1.178,-0.09601533407172552
1.18,-0.11377153186878673
1.182,-0.10937473357601471
1.184,-0.12317525903926695
1.186,-0.11688574001868186
1.188,-0.11535615325982734
1.19,-0.09519480044937635
1.192,-0.09369771093411432
1.194,-0.08164326136536681
1.196,-0.08662225449184104
1.198,-0.08169537688002149
1.2,-0.09193069671863913
1.202,-0.0768848258232532
1.204,-0.06386936125842368
1.206,-0.07568664899842341
1.208,-0.06577588948173699
1.21,-0.08469220869828421
1.212,-0.11221205591606019
1.214,-0.09318249005389705
1.216,-0.10411020730459893
1.218,-0.1021870096757482
1.22,-0.0905028334729566
1.222,-0.10856810420959666
1.224,-0.10992170502240907
1.226,-0.09608661620385897
1.228,-0.09437684129987625
1.23,-0.07323146268652005
1.232,-0.09207655326336765
1.234,-0.06495682917067293
1.236,-0.1083888731629978
1.238,-0.07602339954155724
1.24,-0.0873054370237526
1.242,-0.08651130077813429
1.244,-0.08363512803939922
1.246,-0.08684288017931022
1.248,-0.09646387046034186
1.25,-0.0897228275113785
1.252,-0.09928291931268146
1.254,-0.0874710412761974
1.256,-0.10439382169228388
1.258,-0.0800853833852176
1.26,-0.07250326919908169
1.262,-0.0880318793081401
1.264,-0.057763939607160204
1.266,-0.08889137444775884
1.268,-0.09542513948771736
1.27,-0.07553871781735833
1.272,-0.08641496802671463
1.274,-0.07810997429450735
1.276,-0.06857360873783643
1.278,-0.0910573542265376
1.28,-0.10492564570227123
1.282,-0.10716376946329424
1.284,-0.12095111478919693
1.286,-0.112884136094533
1.288,-0.10538296954840408
1.29,-0.10180730871725416
1.292,-0.09797207022212523
1.294,-0.11122530035085501
1.296,-0.10362061809704742
1.298,-0.11133065342622572
1.3,-0.10504258834494162
1.302,-0.08385425828024701
1.304,-0.08792542579513266
1.306,-0.09924223646773099
1.308,-0.09265458836037715
1.31,-0.12336407922186289
1.312,-0.1137973377524148
1.314,-0.1092329325548455
1.316,-0.11227758628471751
1.318,-0.11505070832503853
1.32,-0.11244127203278152
1.322,-0.12312076913845639
1.324,-0.10306945941687089
1.326,-0.10096416189963395
1.328,-0.0917675541104554
1.33,-0.09441989853994782
1.332,-0.11401383837912718
1.334,-0.10806238529644076
1.336,-0.11036133884361804
1.338,-0.11185692593658306
1.34,-0.0883813534963468
1.342,-0.10039169434376641
1.344,-0.10502958839294635
1.346,-0.0971134120151667
1.348,-0.10022240443345935
1.35,-0.09789340315630052
1.352,-0.06431101371434364
1.354,-0.07038479142787475
1.356,-0.05636198774106263
1.358,-0.06475286268520221
1.36,-0.07469530431924468
1.362,-0.0969655820598665
1.364,-0.10226698305302163
1.366,-0.0942244896940837
1.368,-0.10487107547701206
1.37,-0.08784235503823261
1.372,-0.07897027281799948
1.374,-0.10501622221438377
1.376,-0.07495595688851374
1.378,-0.0810058906829316
1.38,-0.06716791479869379
1.382,-0.038919203270423565
1.384,-0.02841069396843593
1.386,-0.033817176078624535
1.388,-0.015510162119446162
1.39,-0.05011646064563329
1.392,-0.03601219512855483
1.394,-0.05943701350712274
1.396,-0.050388569436121196
1.398,-0.057025123307047176
1.4,-0.05077221133152308
1.402,-0.06915430867706286
1.404,-0.04837734816614819
1.406,-0.09227994359286892
1.408,-0.0636557565589119
1.41,-0.09556374648060242
1.412,-0.08519025383089791
1.414,-0.09395627046726
1.416,-0.09736961933965911
1.418,-0.11109054613561499
1.42,-0.11886961712104507
1.422,-0.1393908878089542
1.424,-0.12103287403527258
1.426,-0.14239301330081924
1.428,-0.09788690743121836
1.43,-0.11836209277704099
1.432,-0.10982650782358316
1.434,-0.12136778800090439
1.436,-0.11774087262403538
1.438,-0.12827590876544506
1.44,-0.08927467954406527
1.442,-0.11005794212325548
1.444,-0.11256875501960642
1.446,-0.12529506641749888
1.448,-0.15724330393301358
1.45,-0.13992832038076622
1.452,-0.12697377120902537
1.454,-0.10840052774605365
1.456,-0.09988579963575007
1.458,-0.11415598953276804
1.46,-0.13033903635475957
1.462,-0.1474206204605629
1.464,-0.12490256346047816
1.466,-0.13310580627932633
1.468,-0.1034785671156917
1.47,-0.1298602196443081
1.472,-0.14496523265096092
1.474,-0.15687874668541937
1.476,-0.16025587872924182
1.478,-0.1456526395892952
1.48,-0.1238330208053491
1.482,-0.12889503321884968
1.484,-0.12293026386807035
1.486,-0.12808025577373106
1.488,-0.10872985208194662
1.49,-0.10432005224593205
1.492,-0.0926829594204592
1.494,-0.11340904016468371
1.496,-0.13747939582854465
1.498,-0.1473478060765353
1.5,-0.1374850479445532
1.502,-0.1324692282040168
1.504,-0.12942596005367513
1.506,-0.1459443627796705
1.508,-0.19084616629400472
1.51,-0.18495673051639752
1.512,-0.1701508232159975
1.514,-0.13183061816774044
1.516,-0.06572735344468036
1.518,-0.01896409808290635
1.52,0.044075649747715634
1.522,0.12360621051366515
1.524,0.22492416919977443
1.526,0.32357173821563134
1.528,0.4502896505453897
1.53,0.5437158731799832
1.532,0.650245854126699
1.534,0.7068339925397387
1.536,0.7260061479437961
1.538,0.6910483522062708
1.54,0.6087494440772802
1.542,0.5164407016071201
1.544,0.4273770685813995
1.546,0.30272457860278357
1.548,0.19384743252362147
1.55,0.021486348664633226
1.552,-0.09707006262505963
1.554,-0.21899637148362533
1.556,-0.24875243921357523
1.558,-0.2539582494888877
1.56,-0.2642989516267125
1.562,-0.22278770948472024
1.564,-0.2319634878434971
1.566,-0.19759313964020014
1.568,-0.1432129675249647
1.57,-0.11695239248689726
1.572,-0.09356208604254271
1.574,-0.07735364244078138
1.576,-0.09796624133400685
1.578,-0.11422330314526609
1.58,-0.11188706074960393
1.582,-0.138134868956146
1.584,-0.13525547037861807
1.586,-0.12013960655064769
1.588,-0.11843123382559739
1.59,-0.10515931550181591
1.592,-0.10711490556470019
1.594,-0.1214641208915013
1.596,-0.10400680712066704
1.598,-0.10557089444503405
1.6,-0.06908921207751702
1.602,-0.07516194852571303
1.604,-0.11678858621372755
1.606,-0.11631880501209808
1.608,-0.17374726735385237
1.61,-0.14881688325749265
1.612,-0.12371206397303446
1.614,-0.12351799277684794
1.616,-0.10448110838994651
1.618,-0.11191197752464072
1.62,-0.11662447103735056
1.622,-0.10449489170255634
1.624,-0.0902929679988341
1.626,-0.09136090867025479
1.628,-0.07743828215401649
1.63,-0.08977514876104373
1.632,-0.07540449025578655
1.634,-0.08332154272824878
1.636,-0.08955332618642207
1.638,-0.08571157228408618
1.64,-0.09800886859812288
1.642,-0.0881117860749067
1.644,-0.07086409604984449
1.646,-0.06790567155027392
1.648,-0.0661815330323517
1.65,-0.06033070478867397
1.652,-0.06346039787027362
1.654,-0.07168710764533287
1.656,-0.06017679139628329
1.658,-0.06765316816517707
1.66,-0.08165111164007817
1.662,-0.048765252176226334
1.664,-0.05269748599327076
1.666,-0.03845864629025115
1.668,-0.02942400443833
1.67,-0.046439556682546394
1.672,-0.061758703342428785
1.674,-0.048774115358173324
1.676,-0.04215502962559058
1.678,-0.030710179184748214
1.68,-0.026603516110521797
1.682,-0.036496284397630314
1.684,-0.07148964816284684
1.686,-0.06150330439603316
1.688,-0.05875562698821199
1.69,-0.03680491383611129
1.692,-0.01786587084447276
1.694,-0.004464618074781803
1.696,-0.032766568261884385
1.698,-0.010661823407007198
1.7,-0.022366681346261224
1.702,0.014390352766333764
1.704,0.024889987755290305
1.706,0.03919002528197255
1.708,0.019289267965508748
1.71,0.015937223915178163
1.712,0.010749484288238577
1.714,0.03610636367360872
1.716,0.05550208996198726
1.718,0.08855028534355772
1.72,0.06439631272573478
1.722,0.09140545747310018
1.724,0.0533732989772584
1.726,0.08267810453201097
1.728,0.1066135480928719
1.73,0.1120637487898395
1.732,0.1342463416384461
1.734,0.1467874965731924
1.736,0.10108047400350689
1.738,0.12716206843145064
1.74,0.11636005561988987
1.742,0.11368231210444839
1.744,0.15530219448523888
1.746,0.16123645275242063
1.748,0.1377557623574578
1.75,0.1524061926128718
1.752,0.12123114268571719
1.754,0.1159425929225279
1.756,0.14282200684054877
1.758,0.14845006645964628
1.76,0.13979773418934716
1.762,0.144484506892919
1.764,0.11729699399752522
1.766,0.1216442979198353
1.768,0.12115877169867732
1.77,0.13555630120453208
1.772,0.11740083466469137
1.774,0.10345637297703535
1.776,0.09596856675165764
1.778,0.07786997179256058
1.78,0.0764215688296828
1.782,0.08176091904744268
1.784,0.04529361001409506
1.786,0.05547269405976025
1.788,0.02868362253847076
1.79,0.041728618713364654
1.792,0.020472099648691747
1.794,0.030267102989868084
1.796,-0.00533025604794998
1.798,0.014559771078840175
1.8,-0.002481903555162099
1.802,0.007899629309649684
1.804,-0.008353856870253803
1.806,-0.02853853863595833
1.808,-0.057010422414887844
1.81,-0.043937218275578054
1.812,-0.057268075699541704
1.814,-0.03619777830053941
1.816,-0.04101317037742233
1.818,-0.04908231249586007
1.82,-0.07774675170183384
1.822,-0.04890654620423702
1.824,-0.08489587044282572
1.826,-0.06288895105322194
1.828,-0.0520926056472223
1.83,-0.07281822688159867
1.832,-0.06112894345617307
1.834,-0.06226875357089107
1.836,-0.09549315372282342
1.838,-0.09434166539324484
1.84,-0.09594365731115401
1.842,-0.09869655169973476
1.844,-0.07745738616486383
1.846,-0.07710285908184779
1.848,-0.0881186434326194
1.85,-0.09886150468147593
1.852,-0.11268516473663953
1.854,-0.08468738963335597
1.856,-0.11127522276240982
1.858,-0.07148392391424697
1.86,-0.09419369335682495
1.862,-0.09704741905193931
1.864,-0.08574608735651099
1.866,-0.08161535098231351
1.868,-0.08732028435175025
1.87,-0.0767052822007114
1.872,-0.07900222203152903
1.874,-0.08877237931598278
1.876,-0.06420569270142706
1.878,-0.07281653712813525
1.88,-0.07104663880418921
1.882,-0.07481071556409001
1.884,-0.08279132666664603
1.886,-0.0764535833293285
1.888,-0.08355027886812008
1.89,-0.0706442393694679
1.892,-0.08265829398521655
1.894,-0.07440729360214444
1.896,-0.07354859439945778
1.898,-0.06350901335463904
1.9,-0.07255660720943262
1.902,-0.06411436822259456
1.904,-0.0748369734859725
1.906,-0.07057329820202149
1.908,-0.05610772016768089
1.91,-0.0642748720539554
1.912,-0.05404129973194971
1.914,-0.06390993428401764
1.916,-0.06847325596554474
1.918,-0.06150123853378492
1.92,-0.05690600247440154
1.922,-0.07339052815330936
1.924,-0.04635758050091331
1.926,-0.07834514181017263
1.928,-0.060077667170041926
1.93,-0.05397601875355838
1.932,-0.07096890952640682
1.934,-0.05622181164712891
1.936,-0.06640953635357619
1.938,-0.06494356445492692
1.94,-0.05876678792894014
1.942,-0.059071904222667955
1.944,-0.05377541919310316
1.946,-0.07043379674942676
1.948,-0.052426724234737855
1.95,-0.07088542690004723
1.952,-0.06037498758789701
1.954,-0.061738607152252975
1.956,-0.05679647030934667
1.958,-0.059827971405039905
1.96,-0.045771156872154405
1.962,-0.056069339362944295
1.964,-0.05655971784014894
1.966,-0.04955368179376438
1.968,-0.057357818024880845
1.97,-0.03479005289767476
1.972,-0.06295326867974674
1.974,-0.05359272920346094
1.976,-0.09164991551177949
1.978,-0.08989065714761663
1.98,-0.07293224522788173
1.982,-0.09344946326814817
1.984,-0.05887212174825134
1.986,-0.10623239230891797
1.988,-0.08480020589497685
1.99,-0.09112919091333059
1.992,-0.05854901213053464
1.994,-0.05073236266669751
1.996,-0.041337559850177875
1.998,-0.061138453336156244
2.0,-0.05366626755298695
2.002,-0.043477867580356294
2.004,-0.023901467474240257
2.006,-0.02524478227675438
2.008,-0.029476919061202513
2.01,-0.0601236382212071
2.012,-0.04083502377243693
2.014,-0.03421080347057574
2.016,-0.010025222819992307
2.018,-0.015081040218250436
2.02,-0.029301461505360372
2.022,-0.04294339408798316
2.024,-0.036211503057028964
2.026,-0.020769943113246963
2.028,-0.014509972466893282
2.03,-0.02846768014277232
2.032,-0.0360876978570674
2.034,-0.04533007720749901
2.036,-0.024029797404673106
2.038,-0.0029219305706000803
2.04,-0.010711869570808238
2.042,-0.004696308693819281
2.044,-0.025336975247691892
2.046,-0.01902488347137671
2.048,0.014673978453153675
2.05,-0.0013185605473212162
2.052,0.021180489866781945
2.054,-0.007555717696182633
2.056,-0.019239052971721505
2.058,-0.014871329800295574
2.06,-0.01354516007391444
2.062,-0.02583431846565787
2.064,-0.013281947208638263
2.066,-0.03667913473934042
2.068,-0.026452767234967478
2.07,-0.041945791943077966
2.072,-0.044929034777723885
2.074,-0.08230806725842674
2.076,-0.08511856417339835
2.078,-0.1035169217981873
2.08,-0.09381012396554472
2.082,-0.09887432095444688
2.084,-0.09952371734206843
2.086,-0.10955256747653677
2.088,-0.11203863723472446
2.09,-0.09104903251991528
2.092,-0.08243929080704265
2.094,-0.07012170294898776
2.096,-0.05915686221559259
2.098,-0.06612892138340794
2.1,-0.05289548806209741
2.102,-0.06054018524808361
2.104,-0.05816690850460333
2.106,-0.09021473851724875
2.108,-0.09179550674628266
2.11,-0.10936443012418429
2.112,-0.09772965495198353
2.114,-0.10629428192566798
2.116,-0.09292624309822387
2.118,-0.11861246856589483
2.12,-0.10746940292998709
2.122,-0.09757727031236252
2.124,-0.09934913937415361
2.126,-0.09408032038404936
2.128,-0.10225766227566326
2.13,-0.11783994388490132
2.132,-0.1085718856212302
2.134,-0.07635472949798683
2.136,-0.07969499471652262
2.138,-0.07064711815336282
2.14,-0.08745892200868653
2.142,-0.11876015857076852
2.144,-0.10843998679490144
2.146,-0.08725988777085762
2.148,-0.07321891933741538
2.15,-0.0686238851934526
2.152,-0.08665407913773993
2.154,-0.12971636859113578
2.156,-0.165596953380355
2.158,-0.1504593002447599
2.16,-0.16145496648973312
2.162,-0.12748131997404497
2.164,-0.11645095895109858
2.166,-0.12544666340410845
2.168,-0.13573555416277827
2.17,-0.1318448042972317
2.172,-0.1300258438380598
2.174,-0.12098826968891269
2.176,-0.0815628749313704
2.178,-0.06780828321463414
2.18,-0.020462592572806988
2.182,0.04717180342088711
2.184,0.11665264540559321
2.186,0.1957572956493238
2.188,0.27963590132177035
2.19,0.37384711561151196
2.192,0.4841203893518815
2.194,0.6157900126278691
2.196,0.7380694990985708
2.198,0.7754076705790774
2.2,0.7650935438385994
2.202,0.6896091382714691
2.204,0.5852358666585932
2.206,0.514711546181913
2.208,0.4292089739598528
2.21,0.3194555046024
2.212,0.1705103477882545
2.214,0.007850017275065456
2.216,-0.11898769317968338
2.218,-0.19522645112817522
2.22,-0.19360546211544766
2.222,-0.17657587440128358
2.224,-0.17111764666266957
2.226,-0.1548769191684393
2.228,-0.13169061007132915
2.23,-0.11125256138382171
2.232,-0.06937956930954986
2.234,-0.030134532865274892
2.236,-0.06740164970040038
2.238,-0.06228858793622712
2.24,-0.07867320599025475
2.242,-0.11203236677859646
2.244,-0.08822334825016849
2.246,-0.10642419005528213
2.248,-0.11884269245269206
2.25,-0.12153751041200296
2.252,-0.10934229910401334
2.254,-0.10595923965546995
2.256,-0.09145419573364794
2.258,-0.06203954618670687
2.26,-0.08762555700118677
2.262,-0.057749004400682966
2.264,-0.08361443198669971
2.266,-0.07341451642229768
2.268,-0.10364755386721175
2.27,-0.09134091623624174
2.272,-0.09813226113211847
2.274,-0.08412696502222462
2.276,-0.07593267672968786
2.278,-0.05729302581942325
2.28,-0.0834252627093319
2.282,-0.05683862402089027
2.284,-0.0692292918397882
2.286,-0.05732231664312903
2.288,-0.05660312433336796
2.29,-0.05300708739777523
2.292,-0.06868792151320899
2.294,-0.06260066515760362
2.296,-0.057204872380645866
2.298,-0.057752899652787
2.3,-0.05893920302361414
2.302,-0.039434229021522216
2.304,-0.06997443630017633
2.306,-0.027712753990089205
2.308,-0.046239228144100634
2.31,-0.029614451667367467
2.312,-0.04242967186806037
2.314,-0.03673866068171838
2.316,-0.057658989758004174
2.318,-0.036273975582583454
2.32,-0.04834331556988034
2.322,-0.04075059537276443
2.324,-0.04053100142203543
2.326,-0.02549819875698457
2.328,-0.02477590097686447
2.33,0.0026503170631193163
2.332,0.0009307752169576428
2.334,-0.015453544364424828
2.336,-0.002431068410546735
2.338,-0.02013511373620195
2.34,-0.00425918313107498
2.342,0.01713039978254076
2.344,0.0017874479203061505
2.346,0.01336141170685524
2.348,-0.008863614246866124
2.35,0.006226714032768096
2.352,0.011822147002906366
2.354,0.04132211693989613
2.356,0.04168279617400986
2.358,0.05896343482938528
2.36,0.0327760309258383
2.362,0.0598831501091139
2.364,0.04644065209946491
2.366,0.06909546176106604
2.368,0.07486020525491109
2.37,0.07292029950884614
2.372,0.07610112901898425
2.374,0.08645883165518509
2.376,0.09514941177600694
2.378,0.12429136868160665
2.38,0.12217808157815906
2.382,0.15011160526011907
2.384,0.12976228053136218
2.386,0.14293448724347885
2.388,0.14046524397255658
2.39,0.14944568403743894
2.392,0.15604457168576172
2.394,0.1749626877450864
2.396,0.16877498787516756
2.398,0.17244927722859318
2.4,0.16791887440000303
2.402,0.16884906047866202
2.404,0.18393733056386993
2.406,0.19430446303208068
2.408,0.22042088357235767
2.41,0.21523373813500893
2.412,0.19415694174631817
2.414,0.21469605145921525
2.416,0.16487466433840559
2.418,0.20665073911563922
2.42,0.20860306691039995
2.422,0.21015373481790503
2.424,0.21370577942980754
2.426,0.21142853655670735
2.428,0.18991187253401257
2.43,0.19622515973641289
2.432,0.21076791989067645
2.434,0.18612683841916458
2.436,0.1979443748249256
2.438,0.1669906761461141
2.44,0.15724926687096083
2.442,0.14014752593970806
2.444,0.13637931536022552
2.446,0.12574430476865822
2.448,0.09570351161996454
2.45,0.0982037746873505
2.452,0.07038049471346718
2.454,0.08601185103810438
2.456,0.08372260240725221
2.458,0.08441317258583492
2.46,0.06143841607265599
2.462,0.03594545424792414
2.464,0.021352611878445883
2.466,0.012517958670527973
2.468,0.02619608905492704
2.47,0.025956725474894006
2.472,0.014402824255026127
2.474,-0.0027630163475800902
2.476,-0.03006012611252268
2.478,-0.02039347054857811
2.48,-0.01483595624726394
2.482,-0.007526087532205213
2.484,0.00970397333289722
2.486,-0.015034769458272638
2.488,-0.03247613647819614
2.49,-0.02843058492945486
2.492,-0.05047248706453091
2.494,-0.04428056492585597
2.496,-0.03241177813878593
2.498,-0.055286247402984476
2.5,-0.048433263203258296
2.502,-0.05368162389981014
2.504,-0.0618620693140318
2.506,-0.05495554193489316
2.508,-0.05301843157570762
2.51,-0.048020685243445306
2.512,-0.054827992323768227
2.514,-0.04640303504681148
2.516,-0.05812268057113456
2.518,-0.04862043016257343
2.52,-0.049023360604533425
2.522,-0.04399470561480746
2.524,-0.04920756967870665
2.526,-0.055259945647304756
2.528,-0.061171996847122545
2.53,-0.04263672419608682
2.532,-0.046635383140658876
2.534,-0.03305321617968029
2.536,-0.03511940666140013
2.538,-0.07628992802300198
2.54,-0.058147328460877376
2.542,-0.0631850651396501
2.544,-0.052657869783127684
2.546,-0.028205816533415178
2.548,-0.03977728880612085
2.55,-0.06557311200886662
2.552,-0.050823490094483274
2.554,-0.048710454393003456
2.556,-0.028864249818728645
2.558,-0.005389209215388834
2.56,-0.025047299857151078
2.562,-0.04299561124934207
2.564,-0.04905332159722774
2.566,-0.04756847794921532
2.568,-0.02249351930685725
2.57,-0.026949253737683313
2.572,-0.015345478677110976
2.574,-0.0529122890777078
2.576,-0.041082546726417216
2.578,-0.0367434057161951
2.58,-0.021183136647694282
2.582,-0.007905802181068532
2.584,-0.011812526893478307
2.586,-0.03175422814230878
2.588,-0.027224713896891146
2.59,-0.040395498191664936
2.592,-0.01995572677081378
2.594,-0.03864909712692896
2.596,-0.028790333907294716
2.598,-0.04368221695218067
2.6,-0.036702491090676914
2.602,-0.01927427381207812
2.604,-0.010774822724423452
2.606,-0.010215120060046325
2.608,-0.01174263138482513
2.61,-0.02221627431429841
2.612,-0.022411790922344507
2.614,-0.012332046160850303
2.616,-0.002913030582846764
2.618,-0.028447102364463503
2.62,-0.020050872043586552
2.622,-0.06265883782589417
2.624,-0.042779548295129755
2.626,-0.056546244139183584
2.628,-0.016361523490106635
2.63,-0.048598572973681246
2.632,-0.024747902901125544
2.634,-0.04149304856370388
2.636,-0.04226528763854004
2.638,-0.025142904176209475
2.64,-0.026393042139986368
2.642,-0.05348018235121553
2.644,-0.04737306091510147
2.646,-0.07309338624466148
2.648,-0.04486144370249786
2.65,-0.04529396259315878
2.652,-0.02545626095040955
2.654,-0.05321489010519332
2.656,-0.0559682873255402
2.658,-0.06212365787347942
2.66,-0.02082206274704619
2.662,-0.027364231734305015
2.664,0.005501799530297226
2.666,-0.03023743807664588
2.668,-0.06725007354059855
2.67,-0.05286746824157747
2.672,-0.060259449250475904
2.674,-0.044890319631576525
2.676,-0.030296976917302706
2.678,-0.051589381304191044
2.68,-0.061341915424284174
2.682,-0.05695184635942424
2.684,-0.020657508233923306
2.686,-0.026617616800679256
2.688,0.0047779050945867705
2.69,-0.011538804314812854
2.692,-0.03147831593654453
2.694,-0.028557498581954246
2.696,-0.015693843205165755
2.698,-0.03086547975277357
2.7,-0.01806080096407861
2.702,-0.018687800108345722
2.704,-0.04572715468119866
2.706,-0.0286613611190134
2.708,-0.01825475878357718
2.71,-0.027208692109734662
2.712,0.0095588085415721
2.714,0.01620499828216113
2.716,0.01513097032004155
2.718,0.028539662173061312
2.72,0.01930112299818015
2.722,-8.25161455887319e-05
2.724,0.016134752153203005
2.726,0.005343839387327396
2.728,0.010400669368326334
2.73,0.007371213718801993
2.732,-0.009458252119361153
2.734,-0.02945441127384156
2.736,-0.0323166002847859
2.738,-0.038756029474010203
2.74,-0.03701614477451936
2.742,-0.04332058676408574
2.744,-0.04646504533762978
2.746,-0.08248228931709148
2.748,-0.06944927958241538
2.75,-0.08665034307159912
2.752,-0.08485186406488465
2.754,-0.06940003942593538
2.756,-0.08954279638264057
2.758,-0.08594451698862546
2.76,-0.0897561401446616
2.762,-0.07955325406149699
2.764,-0.07899050667965495
2.766,-0.06297907385075158
2.768,-0.07030048667336154
2.77,-0.0924250361188741
2.772,-0.07429038619248565
2.774,-0.10092529043585569
2.776,-0.07520807412579446
2.778,-0.08405050294216622
2.78,-0.08352528124552458
2.782,-0.09641116281996939
2.784,-0.09193354125475961
2.786,-0.09391034177039034
2.788,-0.08704785750362182
2.79,-0.08372725474670545
2.792,-0.0983828347075309
2.794,-0.1016695714165568
2.796,-0.10665465022704675
2.798,-0.10807140205091544
2.8,-0.10351885317861906
2.802,-0.10824384919033626
2.804,-0.10785285665082497
2.806,-0.10740361728064206
2.808,-0.09136606414918247
2.81,-0.09286563326921211
2.812,-0.08975145240303457
2.814,-0.08775691480710004
2.816,-0.10666026931115496
2.818,-0.07249005407842837
2.82,-0.09306760070438647
2.822,-0.07622331682355508
2.824,-0.10961396007132161
2.826,-0.12130383591595462
2.828,-0.1319997365805449
2.83,-0.11288732956918358
2.832,-0.10239815569694333
2.834,-0.09191004952428088
2.836,-0.10086886958842678
2.838,-0.11876593069985103
2.84,-0.11392125151018442
2.842,-0.09947355229644447
2.844,-0.08705441452559803
2.846,-0.049630179624283295
2.848,-0.025855225321102567
2.85,0.02901021343030885
2.852,0.09924174316663624
2.854,0.19696846504347906
2.856,0.2811551782267206
2.858,0.3816456008198893
2.86,0.5107123268292657
2.862,0.5949702185214039
2.864,0.7212871168792045
2.866,0.7860840375078909
2.868,0.7677878522332028
2.87,0.7481156598799862
2.872,0.6626536518274914
2.874,0.5646863687608188
2.876,0.4680702736616662
2.878,0.3501299056875075
2.88,0.19954020839196485
2.882,0.053275950240586525
2.884,-0.054433563541651575
2.886,-0.16016831911487284
2.888,-0.20316150864845128
2.89,-0.18486291970771598
2.892,-0.2031301947081726
2.894,-0.1509221632616049
2.896,-0.1316295283592137
2.898,-0.10483244372034174
2.9,-0.08366384952138153
2.902,-0.05888530263322011
2.904,-0.025303197225967224
2.906,-0.038412414429159804
2.908,-0.02570716075547463
2.91,-0.05221597717988269
2.912,-0.0994908166205496
2.914,-0.08992126005629854
2.916,-0.0876497964955025
2.918,-0.08142881697745775
2.92,-0.06023374566568541
2.922,-0.06277233380120348
2.924,-0.09557331706606521
2.926,-0.0695462134008112
2.928,-0.07771565642820172
2.93,-0.038938763352073934
2.932,-0.04829500381156813
2.934,-0.05044969334345618
2.936,-0.07772543451040545
2.938,-0.09611548812313947
2.94,-0.09352442282075811
2.942,-0.05247410285645788
2.944,-0.06253960834823231
2.946,-0.024877459889405512
2.948,-0.031318579994705914
2.95,-0.041900031105258535
2.952,-0.038391940482803144
2.954,-0.01291548418112998
2.956,-0.04541794069694534
2.958,-0.01742949207931292
2.96,-0.038836211921990174
2.962,-0.04377920600457547
2.964,-0.05284822284946054
2.966,-0.026291657941347666
2.968,-0.05395834063694586
2.97,-0.02519266630494859
2.972,-0.02650323353232389
2.974,-0.01594272020649869
2.976,0.0060929811723019695
2.978,0.017830521157935382
2.98,0.017522369356861252
2.982,0.011574220603091778
2.984,-0.008179505652506353
2.986,-0.010439420605298502
2.988,-0.018916304176893498
2.99,-0.013679087007912184
2.992,-0.024865579037839067
2.994,-0.00896342237581171
2.996,-0.04233012136165453
2.998,-0.007882685128960168
3.0,-0.012840169408501726
3.002,-0.01081997258936315
3.004,0.006525061072654575
3.006,0.009236883687092991
3.008,-0.003506293017827608
3.01,0.027332703143670204
3.012,0.014296386925723012
3.014,0.01500285345421361
3.016,0.015164891591819515
3.018,0.02320214671442215
3.02,0.017636977832903515
3.022,0.0511646661890578
3.024,0.040348143093325524
3.026,0.05976069234172079
3.028,0.051436652996342896
3.03,0.06485643251634587
3.032,0.08465043529509782
3.034,0.06820164763070631
3.036,0.0932559137937021
3.038,0.0667551577444307
3.04,0.07876296711051545
3.042,0.0825483039668792
3.044,0.1044246662640128
3.046,0.10761962764210639
3.048,0.1127445726720552
3.05,0.12184724790071988
3.052,0.13301317514514888
3.054,0.1348710771716658
3.056,0.172985389558548
3.058,0.16105167406706022
3.06,0.16241324084414582
3.062,0.18456843318316568
3.064,0.17578807433576973
3.066,0.18666051921065321
3.068,0.19698261386656063
3.07,0.18279689250086611
3.072,0.18314113606541085
3.074,0.1875437257915433
3.076,0.2035080675250886
3.078,0.19440282443563087
3.08,0.20450077339493528
3.082,0.19412004129418564
3.084,0.18518867392563831
3.086,0.18485984514171863
3.088,0.19064394231748383
3.09,0.1875102338997967
3.092,0.1742313395962245
3.094,0.20220374446922948
3.096,0.18331450106378835
3.098,0.19144876728868473
3.1,0.19417856189201954
3.102,0.16642603728281755
3.104,0.1595592185710879
3.106,0.1622149693544837
3.108,0.1601526066888173
3.11,0.15064530050567118
3.112,0.1357375698421423
3.114,0.10553285178214779
3.116,0.07449475412725597
3.118,0.07037091468466956
3.12,0.0788099871866282
3.122,0.07740646888300962
3.124,0.07293760217855745
3.126,0.07469041414115914
3.128,0.04211922877951673
3.13,0.03753621124408039
3.132,0.051896164222555025
3.134,0.029681781745373486
3.136,0.045428780263693375
3.138,0.027524083616658753
3.14,0.010504428569320273
3.142,-0.031235431225944243
3.144,-0.02422790097087127
3.146,-0.06362980663451814
3.148,-0.04710820515855697
3.15,-0.05126987161590913
3.152,-0.053069621740595666
3.154,-0.07877369822883627
3.156,-0.0690045309199439
3.158,-0.08857363298257574
3.16,-0.06260905513992061
3.162,-0.05258981873134879
3.164,-0.03778276368742227
3.166,-0.052258295909382566
3.168,-0.050430192173356765
3.17,-0.05922077395653884
3.172,-0.05161221207109044
3.174,-0.05230067651916444
3.176,-0.04206525753928605
3.178,-0.06846706285452386
3.18,-0.06389158632775321
3.182,-0.07119743406780875
3.184,-0.06636526349365059
3.186,-0.061929954280442456
3.188,-0.06525266120935198
3.19,-0.06961185851533591
3.192,-0.07519730637139489
3.194,-0.06767135803441318
3.196,-0.04756815432911622
3.198,-0.06637157329017057
3.2,-0.04296091925579547
3.202,-0.07450619078688361
3.204,-0.0778343044957753
3.206,-0.07214749941330546
3.208,-0.07350594848566218
3.21,-0.07387739111754399
3.212,-0.06710823328226916
3.214,-0.0828477013293026
3.216,-0.0788252062220422
3.218,-0.0928753695433405
3.22,-0.06193744120256351
3.222,-0.10090253511214661
3.224,-0.0592288020495212
3.226,-0.08704123732183702
3.228,-0.07116771382670788
3.23,-0.07194009173543046
3.232,-0.05828576638205397
3.234,-0.07637979773084516
3.236,-0.05776714295933726
3.238,-0.0672952286016561
3.24,-0.04996213367928939
3.242,-0.050106646307745736
3.244,-0.03159553787246821
3.246,-0.05313081297178823
3.248,-0.0547596558173724
3.25,-0.054272044616060805
3.252,-0.06270348120160124
3.254,-0.06217677746593454
3.256,-0.058617314642818004
3.258,-0.09409239984258229
3.26,-0.08217418088241078
3.262,-0.08673359565901796
3.264,-0.05303367602363331
3.266,-0.05092270461712948
3.268,-0.03197131937078214
3.27,-0.0628298040280258
3.272,-0.06678520415055379
3.274,-0.054505635968249866
3.276,-0.03010989338804198
3.278,-0.012520386403680498
3.28,-0.016594346408580526
3.282,-0.05493901089505741
3.284,-0.09804255615760026
3.286,-0.10730524506280151
3.288,-0.09162559128198122
3.29,-0.07298802692603029
3.292,-0.04659679891765703
3.294,-0.06805548982346851
3.296,-0.07539382633657293
3.298,-0.10651273994723622
3.3,-0.07074908997526183
3.302,-0.08630441499619723
3.304,-0.046018727242336785
3.306,-0.05208243872382281
3.308,-0.06103358916726236
3.31,-0.06969248163167104
3.312,-0.07368354894763864
3.314,-0.0905679793801426
3.316,-0.08792327264315432
3.318,-0.08127451109307299
3.32,-0.0799585421585088
3.322,-0.07496903311769504
3.324,-0.05700562336507206
3.326,-0.07795679396318654
3.328,-0.08432095159062408
3.33,-0.07870481716447102
3.332,-0.10411448054452627
3.334,-0.09071320045136669
3.336,-0.08956620929721547
3.338,-0.09164242686380134
3.34,-0.08686762601109925
3.342,-0.0760773330041347
3.344,-0.07225277716044885
3.346,-0.08654604617937489
3.348,-0.07067887649353957
3.35,-0.0832103011762234
3.352,-0.08368788338610751
3.354,-0.038631712415982185
3.356,-0.0643739997576078
3.358,-0.046147504590145466
3.36,-0.07785762140273213
3.362,-0.1075750779921242
3.364,-0.10028002645142955
3.366,-0.10551536903564221
3.368,-0.06664647226411484
3.37,-0.054897623459538046
3.372,-0.06745899711064866
3.374,-0.05488713629131059
3.376,-0.07925178506830421
3.378,-0.06603236043908246
3.38,-0.04629612140918981
3.382,-0.04388626151180829
3.384,-0.04844982058636829
3.386,-0.048014242804525646
3.388,-0.052203876683196475
3.39,-0.05598057882798021
3.392,-0.03524674607638851
3.394,-0.03661931936679678
3.396,-0.05109004397702031
3.398,-0.03249455764697402
3.4,-0.03533567992181465
3.402,-0.013714786711132123
3.404,-0.0001102265491237162
3.406,0.006051539659504613
3.408,-0.020698457026747035
3.41,-0.02241649021374083
3.412,-0.0514001945911883
3.414,-0.0386238113109931
3.416,-0.0564022999830516
3.418,-0.045436364085639176
3.42,-0.044100394903294295
3.422,-0.072185979989767
3.424,-0.06031411958950631
3.426,-0.07980316873898895
3.428,-0.10994417181349707
3.43,-0.08192381384985097
3.432,-0.0982858815594829
3.434,-0.07976211893314746
3.436,-0.075894854721229
3.438,-0.08726053968422039
3.44,-0.11213245270756275
3.442,-0.1177523098309479
3.444,-0.11214267403809945
3.446,-0.09655448818899817
3.448,-0.09703314538256473
3.45,-0.07790144512656183
3.452,-0.11068020946040613
3.454,-0.11636685810753492
3.456,-0.10137888163039682
3.458,-0.10834702753196783
3.46,-0.11281710529831555
3.462,-0.08907195915729212
3.464,-0.13371705832952102
3.466,-0.1036441955094236
3.468,-0.10986213696587484
3.47,-0.08517716200323204
3.472,-0.10113434150959656
3.474,-0.07628310094241807
3.476,-0.1065837503190298
3.478,-0.09464399246056815
3.48,-0.10503493711645484
3.482,-0.09967696356561205
3.484,-0.11604702648276591
3.486,-0.1041355694747796
3.488,-0.11124643599275715
3.49,-0.10041148394008781
3.492,-0.11779135327919853
3.494,-0.09867878776855189
3.496,-0.13429266570648465
3.498,-0.09196990620688875
3.5,-0.10137461970339395
3.502,-0.07100964130745747
3.504,-0.08936683002828105
3.506,-0.09525542428028505
3.508,-0.12257254463502341
3.51,-0.1277680424132194
3.512,-0.1328569780950676
3.514,-0.12320983810605629
3.516,-0.15217182100994908
3.518,-0.1320358795307751
3.52,-0.16470625248112591
3.522,-0.13164604209639227
3.524,-0.14083550546376536
3.526,-0.1226137371775572
3.528,-0.14935999827110522
3.53,-0.12776319184235285
3.532,-0.11348635905250652
3.534,-0.05339103727783771
3.536,0.03786736739603891
3.538,0.10440516916926552
3.54,0.17219074414673913
3.542,0.26602422658084324
3.544,0.3252691094806642
3.546,0.4778912734124919
3.548,0.5976329845827215
3.55,0.7129647131507431
3.552,0.7732907597194572
3.554,0.7743942892949767
3.556,0.7132534555904584
3.558,0.6435933257807404
3.56,0.5668640404816848
3.562,0.4684872445099688
3.564,0.36113761445767695
3.566,0.22946478559507869
3.568,0.06489856821275045
3.57,-0.05858602552868779
3.572,-0.16155972532876597
3.574,-0.20433687094748967
3.576,-0.22106285638980744
3.578,-0.2059494513230232
3.58,-0.19428685142096264
3.582,-0.18421203426434746
3.584,-0.1410057254977811
3.586,-0.13009311249204558
3.588,-0.08469177041659645
3.59,-0.059588360250927216
3.592,-0.061852246657893455
3.594,-0.045837229585121354
3.596,-0.07607971002748529
3.598,-0.07862847392521459
3.6,-0.08853120539841816
3.602,-0.0740716740863197
3.604,-0.07953438036326795
3.606,-0.04757883707101132
3.608,-0.08523241278872483
3.61,-0.08133740156600072
3.612,-0.08817695266357996
3.614,-0.07991095547475588
3.616,-0.04674603973022426
3.618,-0.025396661672971513
3.62,-0.05338583687965909
3.622,-0.06883592331898838
3.624,-0.1119180238032257
3.626,-0.10340236582912449
3.628,-0.08985392270292357
3.63,-0.04856599253943469
3.632,-0.05394583560983669
3.634,-0.05377949360463471
3.636,-0.07168462339014378
3.638,-0.06642864971132073
3.64,-0.05449065496512691
3.642,-0.03059672558789467
3.644,-0.03608021969772546
3.646,-0.0328300168457624
3.648,-0.033281031428705525
3.65,-0.031538661359849264
3.652,-0.014128184018301345
3.654,-0.02320527646853057
3.656,-0.04368673603726787
3.658,-0.041957639084251354
3.66,-0.06051129702026552
3.662,-0.0313894853897685
3.664,-0.025829206741065272
3.666,-0.020034235189480148
3.668,-0.0373123252843941
3.67,-0.04736477476434879
3.672,-0.04669922370391497
3.674,-0.053858975379284774
3.676,-0.031367392874707904
3.678,-0.015117044293321657
3.68,-0.0318264863428167
3.682,0.009346869722210509
3.684,-0.0023635712887693787
3.686,-0.005655295475061777
3.688,0.007334614611000991
3.69,0.002607586923554675
3.692,-0.0015591917175268033
3.694,0.022929696335700963
3.696,0.03347854959182886
3.698,0.013227866597235334
3.7,0.0245749606527109
3.702,0.019908270918201094
3.704,-0.004947446383617312
3.706,0.021414552046753743
3.708,0.019790878611496185
3.71,0.01623619767347519
3.712,0.035673036079593996
3.714,0.05349119057171214
3.716,0.051514663776992355
3.718,0.059367771820693534
3.72,0.07563143872359221
3.722,0.051127301287489026
3.724,0.08585363066014826
3.726,0.09036732194518526
3.728,0.10858318185709966
3.73,0.09496023898875675
3.732,0.10939538564194973
3.734,0.08666161345603292
3.736,0.10819223386937614
3.738,0.09982727221930922
3.74,0.1380965049755167
3.742,0.09331512520035778
3.744,0.14196616867876188
3.746,0.13118216898992954
3.748,0.15387620262570448
3.75,0.17721538613848078
3.752,0.18559876570701617
3.754,0.16228751697356425
3.756,0.18495543792435265
3.758,0.18116945702778467
3.76,0.19430444200819674
3.762,0.21424640447619747
3.764,0.20985361057743399
3.766,0.1943734059303485
3.768,0.20475521391395846
3.77,0.18277227253438363
3.772,0.20897293983835077
3.774,0.191050939697129
3.776,0.20738735391961452
3.778,0.20124346992139475
3.78,0.2023508380712452
3.782,0.19754651762472228
3.784,0.19716255091879886
3.786,0.16275814050209939
3.788,0.17809237324229665
3.79,0.15698912366810425
3.792,0.17751151922214659
3.794,0.16774448850262605
3.796,0.16755637854144512
3.798,0.1334125249284036
3.8,0.13428367241307534
3.802,0.10830813381264022
3.804,0.13332387804462473
3.806,0.10092361617210695
3.808,0.11837701706701591
3.81,0.06783015782808567
3.812,0.06245371622569906
3.814,0.04162068465341185
3.816,0.036769764067680066
3.818,0.024925421379656518
3.82,0.031229636065654345
3.822,0.00638173971621195
3.824,0.015110318960050264
3.826,0.0016427398841441336
3.828,0.006401976627858447
3.83,-0.009234133815349113
3.832,-0.001290041422463392
3.834,-0.015219129312423366
3.836,-0.0016170389804832249
3.838,-0.014381799633326246
3.84,0.002676422756716122
3.842,-0.0420909716518524
3.844,-0.015571898881587993
3.846,-0.04953942891907409
3.848,-0.024711476725495667
3.85,-0.030101318385171615
3.852,-0.01965392897726255
3.854,-0.04936469869988202
3.856,-0.041217580598783186
3.858,-0.06342115110606744
3.86,-0.054146792383724454
3.862,-0.05654459340317648
3.864,-0.048919072124232625
3.866,-0.07308495909928092
3.868,-0.05600449214697896
3.87,-0.06269340779247559
3.872,-0.04485436354381306
3.874,-0.036795645512662185
3.876,-0.036431278705054256
3.878,-0.05209566023583195
3.88,-0.041909781228513195
3.882,-0.05184138395233793
3.884,-0.023600802401998574
3.886,-0.035227023637772796
3.888,-0.04372374021620674
3.89,-0.05334171784032319
3.892,-0.08098438765544452
3.894,-0.06465804468391911
3.896,-0.056501219419202726
3.898,-0.05067721306620738
3.9,-0.04435358655375721
3.902,-0.042448501151304704
3.904,-0.0396828466565226
3.906,-0.04069758704451878
3.908,-0.0139370231145992
3.91,-0.03743246709772823
3.912,-0.03272865796812358
3.914,-0.02913569233204993
3.916,-0.035246941333657925
3.918,-0.027052435270252563
3.92,-0.019312703415027777
3.922,-0.03792911809715378
3.924,-0.0506415509562269
3.926,-0.039898981843021764
3.928,-0.04759176446996545
3.93,-0.027899194923988006
3.932,-0.022179696860941258
3.934,-0.015033740720603386
3.936,-0.02288014213875197
3.938,-0.014967596718146188
3.94,-0.011755875461907827
3.942,-0.02546038073302067
3.944,-0.023346455866189414
3.946,-0.013128008899390696
3.948,-0.025709481522244337
3.95,-0.0004906584945416835
3.952,-0.004452214379120309
3.954,-0.029101662589802995
3.956,-0.036658959227830086
3.958,-0.041313905447245496
3.96,-0.04611235123708171
3.962,-0.022193584260011442
3.964,-0.017550269823855876
3.966,-0.0274869045744429
3.968,-0.03063775935031645
3.97,-0.02247479747373394
3.972,-0.02571537138198263
3.974,-0.002490290573907894
3.976,-0.010397006239288081
3.978,-0.023151397236191543
3.98,-0.016285648380392193
3.982,-0.0294401486300712
3.984,-0.004122988456781914
3.986,-0.0021946591411998694
3.988,-0.025454060666580416
3.99,-0.02284657797363267
3.992,-0.052208839804818864
3.994,-0.048451070832003625
3.996,-0.015775333563503212
3.998,-0.005413337558679293
4.0,-0.002930953347096739
4.002,0.01952205872017279
4.004,-0.035895196389274964
4.006,-0.024014590320167034
4.008,-0.03924293099637698
4.01,-0.03284471916389474
4.012,-0.01552972417310256
4.014,-0.0014223588530808459
4.016,-0.0232671298236781
4.018,-0.028120818264934573
4.02,-0.05663514495482885
4.022,-0.05179764066493296
4.024,-0.035437364476249476
4.026,-0.01447291563457742
4.028,-0.0052412281793870604
4.03,-0.013554741330087456
4.032,-0.0421400569678174
4.034,-0.03769247743045598
4.036,-0.053187759118101696
4.038,-0.03624078558379473
4.04,-0.04021295031750826
4.042,-0.05392631798850624
4.044,-0.06529630133347045
4.046,-0.05109153035224118
4.048,-0.04979526703833886
4.05,-0.021433946138689052
4.052,-0.02175406335716124
4.054,-0.02615094563166307
4.056,-0.031861786975865496
4.058,-0.014353655590509905
4.06,-0.007455744083089384
4.062,0.007133536308293805
4.064,0.0034622873603949405
4.066,-0.014160671615613808
4.068,-0.03256151907601738
4.07,-0.018472505398482265
4.072,-0.02746086156710391
4.074,-0.003560018715839553
4.076,-0.013395470408399425
4.078,-0.009146917413928634
4.08,-0.029992716758319153
4.082,-0.007402650754161431
4.084,-0.015584147393171297
4.086,0.001723196880156166
4.088,0.012013252107431139
4.09,0.004698623304285917
4.092,8.003589585236176e-05
4.094,0.012039685467788674
4.096,-0.004226403459639248
4.098,0.023866056064664732
4.1,0.03421398110500962
4.102,0.03509418952161141
4.104,0.045461202964026004
4.106,0.03806144673892696
4.108,0.018976894540385966
4.11,0.028488909517342217
4.112,0.025001990015538787
4.114,0.019234985010059328
4.116,0.0272748095783713
4.118,0.021534705715952444
4.12,-0.006867098360026432
4.122,0.0017140370694622357
4.124,-0.022855033831703033
4.126,-0.03847146615088742
4.128,-0.025877096205898533
4.13,-0.026925162533528432
4.132,-0.022067327855059042
4.134,-0.010448254843801321
4.136,-0.021413101860258372
4.138,-0.04530221339623363
4.14,-0.05232622480473866
4.142,-0.03794522824179462
4.144,-0.039199480351126685
4.146,-0.008052613132748361
4.148,-0.001267572707561382
4.15,-0.030760658206810614
4.152,-0.042352916830016164
4.154,-0.04554017018698576
4.156,-0.07392209825271935
4.158,-0.0439129376020196
4.16,-0.04872959776826048
4.162,-0.05486705767416064
4.164,-0.053295671092063505
4.166,-0.06845571361621083
4.168,-0.06837678921113033
4.17,-0.07645578166293215
4.172,-0.06437913027426732
4.174,-0.05036837392478308
4.176,-0.05757197643971
4.178,-0.0348291746578825
4.18,-0.045285742628480063
4.182,-0.0645228333141745
4.184,-0.05097871503400369
4.186,-0.07791300777692683
4.188,-0.06894541519148709
4.19,-0.07412695418190622
4.192,-0.061855012025198705
4.194,-0.06208948946458294
4.196,-0.05128566206795002
4.198,-0.04782914225750336
4.2,-0.0715056450192049
4.202,-0.06095288236327902
4.204,-0.07313359466857387
4.206,-0.05675970418898354
4.208,-0.03210595164478762
4.21,-0.04613668756774781
4.212,-0.05747214117963525
4.214,-0.07331594241952369
4.216,-0.12742667916945344
4.218,-0.09293916085405242
4.22,-0.101357047132854
4.222,-0.0920829444605194
4.224,-0.06764242268317756
4.226,-0.09153059868351572
4.228,-0.1049647798186842
4.23,-0.09852414380843498
4.232,-0.08774788011315805
4.234,-0.043962559271502936
4.236,0.035678167785374325
4.238,0.13239992322675465
4.24,0.21395144557578197
4.242,0.30068304272797786
4.244,0.3829097502421112
4.246,0.4622342831925527
4.248,0.5693932868273561
4.25,0.7009766249978049
4.252,0.7804252738180485
4.254,0.8091788321619409
4.256,0.7938213489988876
4.258,0.7020552432938743
4.26,0.6046795918823687
4.262,0.5141858066604188
4.264,0.41978322847053184
4.266,0.28190749703095325
4.268,0.17809406455155596
4.27,0.05485049898035354
4.272,-0.06260426876004244
4.274,-0.13737458653266832
4.276,-0.16602911981240576
4.278,-0.22896380680713854
4.28,-0.22981651056474084
4.282,-0.1607275258156715
4.284,-0.15365439396496958
4.286,-0.11850923645501481
4.29,0.029449176866819582
4.292,-0.13135794695965022
4.294,0.010419608282579864
4.296,-0.04872946976927721
4.298,-0.037156508685942564
4.3,0.054800801602548015
4.302,0.06497107372161035
4.304,0.0750024257779602
4.306,0.04662234921668063
4.308,-0.014833656445474751
4.31,-0.0694604159568367
4.312,-0.09925848785684842
4.314,-0.07289287669359172
4.316,-0.03762628527506773
4.318,-0.06101497602002827
4.32,-0.035720074432346254
4.322,-0.10164910636322477
4.324,-0.14103283859021995
4.326,-0.0772862226932584
4.328,-0.07472628085686579
4.33,0.028566015103137415
