Elapsed time,ii,'ECG I filtered'
0,-0.085,-0.115
0.001,-0.08,-0.115
0.002,-0.07,-0.12
0.003,-0.075,-0.12
0.004,-0.095,-0.12
0.005,-0.09,-0.12
0.006,-0.1,-0.12
0.007,-0.1,-0.115
0.008,-0.1,-0.115
0.009,-0.085,-0.115
0.01,-0.06,-0.11
0.011,-0.045,-0.11
0.012,-0.055,-0.11
0.013,-0.06,-0.11
0.014,-0.07,-0.105
0.015,-0.08,-0.105
0.016,-0.085,-0.105
0.017,-0.08,-0.105
0.018,-0.07,-0.1
0.019,-0.04,-0.1
0.02,-0.05,-0.1
0.021,-0.045,-0.1
0.022,-0.04,-0.1
0.023,-0.04,-0.1
0.024,-0.055,-0.1
0.025,-0.06,-0.1
0.026,-0.055,-0.1
0.027,-0.055,-0.095
0.028,-0.055,-0.095
0.029,-0.045,-0.095
0.03,-0.04,-0.095
0.031,-0.045,-0.09
0.032,-0.04,-0.09
0.033,-0.03,-0.09
0.034,-0.035,-0.09
0.035,-0.045,-0.085
0.036,-0.055,-0.085
0.037,-0.055,-0.085
0.038,-0.05,-0.085
0.039,-0.02,-0.085
0.04,-0.015,-0.08
0.041,-0.01,-0.08
0.042,0.005,-0.075
0.043,0,-0.07
0.044,-0.005,-0.07
0.045,-0.025,-0.065
0.046,-0.035,-0.065
0.047,-0.03,-0.06
0.048,-0.03,-0.06
0.049,-0.015,-0.06
0.05,-0.005,-0.06
0.051,0,-0.065
0.052,0.01,-0.065
0.053,0.02,-0.06
0.054,0,-0.06
0.055,-0.005,-0.055
0.056,0.005,-0.05
0.057,0.005,-0.05
0.058,0.01,-0.045
0.059,0.025,-0.04
0.06,0.04,-0.035
0.061,0.055,-0.03
0.062,0.06,-0.025
0.063,0.045,-0.02
0.064,0.04,-0.01
0.065,0.045,-0.005
0.066,0.04,0.005
0.067,0.04,0.01
0.068,0.07,0.02
0.069,0.075,0.025
0.07,0.09,0.025
0.071,0.105,0.03
0.072,0.105,0.03
0.073,0.115,0.03
0.074,0.105,0.035
0.075,0.1,0.035
0.076,0.1,0.04
0.077,0.095,0.045
0.078,0.125,0.055
0.079,0.155,0.065
0.08,0.16,0.075
0.081,0.16,0.085
0.082,0.175,0.095
0.083,0.175,0.1
0.084,0.155,0.105
0.085,0.16,0.11
0.086,0.15,0.115
0.087,0.15,0.12
0.088,0.16,0.125
0.089,0.18,0.125
0.09,0.19,0.125
0.091,0.19,0.125
0.092,0.2,0.125
0.093,0.19,0.12
0.094,0.18,0.12
0.095,0.175,0.115
0.096,0.165,0.11
0.097,0.16,0.105
0.098,0.165,0.105
0.099,0.155,0.1
0.1,0.165,0.1
0.101,0.165,0.1
0.102,0.17,0.1
0.103,0.145,0.095
0.104,0.135,0.09
0.105,0.11,0.085
0.106,0.09,0.075
0.107,0.07,0.065
0.108,0.075,0.05
0.109,0.085,0.04
0.11,0.085,0.025
0.111,0.07,0.015
0.112,0.07,0.01
0.113,0.05,0
0.114,0.04,-0.005
0.115,0.025,-0.01
0.116,0.005,-0.015
0.117,-0.005,-0.02
0.118,0,-0.025
0.119,0,-0.035
0.12,0.005,-0.045
0.121,0.01,-0.055
0.122,0,-0.06
0.123,0.01,-0.065
0.124,0.015,-0.065
0.125,0.03,-0.06
0.126,0.035,-0.05
0.127,0.045,-0.035
0.128,0.065,-0.015
0.129,0.085,0
0.13,0.09,0.015
0.131,0.12,0.025
0.132,0.115,0.03
0.133,0.09,0.035
0.134,0.085,0.035
0.135,0.07,0.03
0.136,0.08,0.025
0.137,0.08,0.025
0.138,0.09,0.025
0.139,0.095,0.025
0.14,0.11,0.03
0.141,0.115,0.03
0.142,0.13,0.035
0.143,0.115,0.04
0.144,0.1,0.045
0.145,0.095,0.05
0.146,0.095,0.05
0.147,0.095,0.05
0.148,0.1,0.05
0.149,0.11,0.055
0.15,0.12,0.055
0.151,0.125,0.06
0.152,0.14,0.06
0.153,0.135,0.065
0.154,0.115,0.065
0.155,0.115,0.07
0.156,0.115,0.07
0.157,0.115,0.07
0.158,0.125,0.07
0.159,0.13,0.07
0.16,0.125,0.065
0.161,0.14,0.065
0.162,0.14,0.065
0.163,0.14,0.06
0.164,0.13,0.06
0.165,0.105,0.06
0.166,0.1,0.065
0.167,0.1,0.065
0.168,0.13,0.07
0.169,0.14,0.07
0.17,0.135,0.07
0.171,0.15,0.075
0.172,0.145,0.075
0.173,0.13,0.075
0.174,0.125,0.075
0.175,0.125,0.07
0.176,0.115,0.07
0.177,0.12,0.07
0.178,0.125,0.07
0.179,0.14,0.065
0.18,0.14,0.065
0.181,0.15,0.065
0.182,0.145,0.065
0.183,0.14,0.065
0.184,0.135,0.065
0.185,0.14,0.06
0.186,0.125,0.06
0.187,0.125,0.06
0.188,0.135,0.065
0.189,0.145,0.065
0.19,0.145,0.065
0.191,0.14,0.07
0.192,0.135,0.07
0.193,0.12,0.075
0.194,0.12,0.075
0.195,0.11,0.075
0.196,0.115,0.075
0.197,0.12,0.07
0.198,0.135,0.07
0.199,0.135,0.065
0.2,0.13,0.065
0.201,0.135,0.06
0.202,0.13,0.055
0.203,0.11,0.055
0.204,0.11,0.055
0.205,0.11,0.05
0.206,0.105,0.05
0.207,0.115,0.05
0.208,0.125,0.05
0.209,0.13,0.05
0.21,0.115,0.045
0.211,0.12,0.045
0.212,0.115,0.045
0.213,0.105,0.04
0.214,0.1,0.035
0.215,0.105,0.035
0.216,0.09,0.03
0.217,0.1,0.03
0.218,0.105,0.025
0.219,0.11,0.025
0.22,0.12,0.03
0.221,0.135,0.03
0.222,0.12,0.035
0.223,0.11,0.04
0.224,0.095,0.045
0.225,0.1,0.045
0.226,0.095,0.045
0.227,0.1,0.045
0.228,0.11,0.045
0.229,0.11,0.045
0.23,0.115,0.045
0.231,0.115,0.045
0.232,0.095,0.05
0.233,0.08,0.05
0.234,0.075,0.05
0.235,0.07,0.05
0.236,0.07,0.045
0.237,0.075,0.04
0.238,0.09,0.035
0.239,0.085,0.03
0.24,0.1,0.02
0.241,0.125,0.02
0.242,0.11,0.02
0.243,0.105,0.02
0.244,0.075,0.025
0.245,0.08,0.035
0.246,0.065,0.04
0.247,0.075,0.04
0.248,0.08,0.045
0.249,0.09,0.045
0.25,0.1,0.04
0.251,0.115,0.035
0.252,0.105,0.03
0.253,0.09,0.025
0.254,0.085,0.025
0.255,0.09,0.03
0.256,0.085,0.03
0.257,0.095,0.035
0.258,0.11,0.045
0.259,0.135,0.05
0.26,0.13,0.055
0.261,0.135,0.06
0.262,0.125,0.06
0.263,0.12,0.06
0.264,0.11,0.065
0.265,0.105,0.06
0.266,0.095,0.06
0.267,0.11,0.06
0.268,0.14,0.055
0.269,0.135,0.055
0.27,0.14,0.05
0.271,0.14,0.045
0.272,0.13,0.045
0.273,0.125,0.04
0.274,0.12,0.045
0.275,0.105,0.05
0.276,0.1,0.055
0.277,0.12,0.06
0.278,0.15,0.07
0.279,0.16,0.075
0.28,0.16,0.08
0.281,0.17,0.085
0.282,0.16,0.08
0.283,0.12,0.075
0.284,0.115,0.07
0.285,0.115,0.065
0.286,0.095,0.055
0.287,0.095,0.05
0.288,0.1,0.045
0.289,0.095,0.04
0.29,0.09,0.04
0.291,0.09,0.035
0.292,0.085,0.03
0.293,0.055,0.02
0.294,0.065,0.015
0.295,0.06,0.01
0.296,0.065,0.01
0.297,0.075,0.005
0.298,0.08,0.005
0.299,0.08,0.01
0.3,0.095,0.015
0.301,0.075,0.015
0.302,0.055,0.02
0.303,0.05,0.02
0.304,0.045,0.02
0.305,0.035,0.02
0.306,0.045,0.02
0.307,0.045,0.015
0.308,0.055,0.015
0.309,0.06,0.015
0.31,0.06,0.01
0.311,0.06,0.01
0.312,0.06,0.005
0.313,0.05,0.005
0.314,0.035,0
0.315,0.02,-0.005
0.316,0.025,-0.01
0.317,0.035,-0.01
0.318,0.045,-0.01
0.319,0.055,-0.01
0.32,0.06,-0.01
0.321,0.055,-0.01
0.322,0.035,-0.01
0.323,0.025,-0.01
0.324,0.03,-0.015
0.325,0.02,-0.015
0.326,0.03,-0.02
0.327,0.05,-0.025
0.328,0.03,-0.03
0.329,0.04,-0.03
0.33,0.05,-0.03
0.331,0.04,-0.03
0.332,0.025,-0.03
0.333,0,-0.025
0.334,-0.01,-0.025
0.335,-0.025,-0.03
0.336,-0.03,-0.035
0.337,-0.025,-0.04
0.338,-0.015,-0.045
0.339,-0.005,-0.045
0.34,0.03,-0.035
0.341,0.065,-0.015
0.342,0.11,0.025
0.343,0.16,0.075
0.344,0.2,0.14
0.345,0.255,0.22
0.346,0.335,0.305
0.347,0.425,0.39
0.348,0.53,0.47
0.349,0.645,0.535
0.35,0.72,0.59
0.351,0.735,0.62
0.352,0.685,0.625
0.353,0.63,0.6
0.354,0.57,0.555
0.355,0.485,0.485
0.356,0.41,0.395
0.357,0.335,0.295
0.358,0.23,0.19
0.359,0.1,0.09
0.36,0.01,0
0.361,-0.06,-0.07
0.362,-0.1,-0.12
0.363,-0.1,-0.145
0.364,-0.09,-0.15
0.365,-0.085,-0.14
0.366,-0.06,-0.115
0.367,-0.02,-0.09
0.368,0.01,-0.06
0.369,0.035,-0.04
0.37,0.04,-0.025
0.371,0.035,-0.015
0.372,0.015,-0.015
0.373,-0.005,-0.02
0.374,-0.02,-0.025
0.375,-0.025,-0.035
0.376,-0.01,-0.035
0.377,0,-0.04
0.378,0.005,-0.04
0.379,0.025,-0.04
0.38,0.025,-0.04
0.381,0.02,-0.035
0.382,0,-0.035
0.383,0.005,-0.035
0.384,-0.015,-0.04
0.385,-0.02,-0.04
0.386,-0.01,-0.04
0.387,-0.01,-0.045
0.388,0,-0.045
0.389,0.01,-0.045
0.39,0,-0.045
0.391,0.005,-0.045
0.392,0.005,-0.045
0.393,-0.005,-0.04
0.394,0,-0.04
0.395,-0.01,-0.035
0.396,0,-0.03
0.397,0.015,-0.03
0.398,0.02,-0.025
0.399,0.025,-0.025
0.4,0.04,-0.025
0.401,0.025,-0.025
0.402,0.01,-0.025
0.403,0,-0.025
0.404,-0.005,-0.025
0.405,-0.005,-0.025
0.406,0.005,-0.03
0.407,0.025,-0.03
0.408,0.025,-0.03
0.409,0.03,-0.03
0.41,0.025,-0.025
0.411,0.01,-0.025
0.412,0.02,-0.02
0.413,0.005,-0.02
0.414,0.01,-0.015
0.415,0.005,-0.01
0.416,0.015,-0.01
0.417,0.02,-0.01
0.418,0.035,-0.01
0.419,0.04,-0.01
0.42,0.05,-0.01
0.421,0.05,-0.01
0.422,0.045,-0.01
0.423,0.04,-0.01
0.424,0.025,-0.005
0.425,0.03,0
0.426,0.03,0.005
0.427,0.04,0.01
0.428,0.045,0.015
0.429,0.055,0.02
0.43,0.06,0.025
0.431,0.065,0.025
0.432,0.065,0.03
0.433,0.07,0.03
0.434,0.07,0.035
0.435,0.065,0.04
0.436,0.08,0.045
0.437,0.095,0.05
0.438,0.105,0.055
0.439,0.105,0.065
0.44,0.12,0.07
0.441,0.115,0.07
0.442,0.115,0.075
0.443,0.11,0.075
0.444,0.1,0.075
0.445,0.1,0.075
0.446,0.115,0.075
0.447,0.13,0.08
0.448,0.15,0.085
0.449,0.155,0.09
0.45,0.16,0.095
0.451,0.15,0.105
0.452,0.16,0.115
0.453,0.165,0.12
0.454,0.155,0.13
0.455,0.16,0.135
0.456,0.175,0.14
0.457,0.2,0.14
0.458,0.205,0.145
0.459,0.21,0.145
0.46,0.205,0.145
0.461,0.195,0.145
0.462,0.185,0.145
0.463,0.18,0.15
0.464,0.18,0.15
0.465,0.18,0.155
0.466,0.18,0.16
0.467,0.2,0.165
0.468,0.205,0.17
0.469,0.205,0.175
0.47,0.195,0.175
0.471,0.17,0.17
0.472,0.15,0.165
0.473,0.135,0.155
0.474,0.13,0.14
0.475,0.125,0.13
0.476,0.13,0.12
0.477,0.115,0.115
0.478,0.13,0.11
0.479,0.13,0.105
0.48,0.115,0.1
0.481,0.095,0.095
0.482,0.08,0.085
0.483,0.07,0.075
0.484,0.055,0.06
0.485,0.03,0.045
0.486,0.015,0.03
0.487,0.025,0.015
0.488,0.025,0.005
0.489,0.02,-0.005
0.49,0.01,-0.005
0.491,-0.005,-0.005
0.492,-0.02,-0.005
0.493,-0.025,-0.005
0.494,-0.035,-0.005
0.495,-0.03,-0.01
0.496,-0.01,-0.015
0.497,0,-0.025
0.498,-0.01,-0.035
0.499,-0.005,-0.04
0.5,-0.01,-0.045
0.501,-0.03,-0.05
0.502,-0.04,-0.05
0.503,-0.055,-0.05
0.504,-0.065,-0.045
0.505,-0.055,-0.05
0.506,-0.04,-0.05
0.507,-0.045,-0.055
0.508,-0.025,-0.06
0.509,-0.035,-0.07
0.51,-0.03,-0.075
0.511,-0.05,-0.075
0.512,-0.055,-0.08
0.513,-0.06,-0.08
0.514,-0.06,-0.075
0.515,-0.045,-0.07
0.516,-0.045,-0.065
0.517,-0.035,-0.06
0.518,-0.02,-0.06
0.519,-0.03,-0.055
0.52,-0.03,-0.055
0.521,-0.05,-0.055
0.522,-0.055,-0.055
0.523,-0.055,-0.055
0.524,-0.06,-0.055
0.525,-0.055,-0.055
0.526,-0.05,-0.055
0.527,-0.04,-0.055
0.528,-0.055,-0.06
0.529,-0.03,-0.06
0.53,-0.055,-0.065
0.531,-0.05,-0.065
0.532,-0.05,-0.065
0.533,-0.06,-0.065
0.534,-0.06,-0.06
0.535,-0.045,-0.06
0.536,-0.04,-0.055
0.537,-0.04,-0.055
0.538,-0.04,-0.055
0.539,-0.04,-0.05
0.54,-0.05,-0.055
0.541,-0.055,-0.055
0.542,-0.055,-0.055
0.543,-0.06,-0.06
0.544,-0.055,-0.06
0.545,-0.03,-0.06
0.546,-0.03,-0.06
0.547,-0.025,-0.06
0.548,-0.02,-0.06
0.549,-0.015,-0.065
0.55,-0.025,-0.065
0.551,-0.035,-0.065
0.552,-0.045,-0.07
0.553,-0.05,-0.07
0.554,-0.055,-0.07
0.555,-0.045,-0.07
0.556,-0.04,-0.065
0.557,-0.02,-0.065
0.558,-0.015,-0.06
0.559,-0.01,-0.055
0.56,-0.015,-0.055
0.561,-0.02,-0.05
0.562,-0.03,-0.055
0.563,-0.035,-0.055
0.564,-0.04,-0.055
0.565,-0.03,-0.06
0.566,-0.03,-0.06
0.567,-0.025,-0.06
0.568,-0.015,-0.06
0.569,-0.015,-0.055
0.57,-0.025,-0.055
0.571,-0.02,-0.05
0.572,-0.035,-0.045
0.573,-0.04,-0.04
0.574,-0.045,-0.04
0.575,-0.045,-0.035
0.576,-0.03,-0.035
0.577,-0.025,-0.035
0.578,-0.005,-0.035
0.579,-0.01,-0.035
0.58,-0.03,-0.035
0.581,-0.03,-0.035
0.582,-0.035,-0.035
0.583,-0.05,-0.035
0.584,-0.06,-0.03
0.585,-0.04,-0.03
0.586,-0.04,-0.03
0.587,-0.03,-0.035
0.588,-0.02,-0.035
0.589,-0.025,-0.035
0.59,-0.04,-0.04
0.591,-0.045,-0.045
0.592,-0.02,-0.045
0.593,-0.05,-0.05
0.594,-0.055,-0.05
0.595,-0.04,-0.05
0.596,-0.03,-0.05
0.597,-0.035,-0.05
0.598,-0.015,-0.05
0.599,-0.02,-0.05
0.6,-0.04,-0.05
0.601,-0.05,-0.05
0.602,-0.055,-0.055
0.603,-0.06,-0.055
0.604,-0.06,-0.06
0.605,-0.055,-0.06
0.606,-0.04,-0.065
0.607,-0.04,-0.065
0.608,-0.035,-0.065
0.609,-0.02,-0.06
0.61,-0.035,-0.06
0.611,-0.045,-0.06
0.612,-0.05,-0.06
0.613,-0.07,-0.06
0.614,-0.07,-0.06
0.615,-0.05,-0.06
0.616,-0.045,-0.06
0.617,-0.035,-0.06
0.618,-0.035,-0.06
0.619,-0.035,-0.06
0.62,-0.045,-0.06
0.621,-0.055,-0.055
0.622,-0.05,-0.05
0.623,-0.05,-0.05
0.624,-0.04,-0.045
0.625,-0.035,-0.045
0.626,-0.025,-0.04
0.627,-0.005,-0.04
0.628,-0.01,-0.04
0.629,-0.025,-0.035
0.63,-0.04,-0.035
0.631,-0.03,-0.03
0.632,-0.035,-0.03
0.633,-0.04,-0.025
0.634,-0.04,-0.025
0.635,-0.025,-0.02
0.636,-0.015,-0.02
0.637,-0.01,-0.02
0.638,0.015,-0.02
0.639,-0.005,-0.02
0.64,-0.005,-0.02
0.641,-0.015,-0.02
0.642,-0.02,-0.025
0.643,-0.025,-0.025
0.644,-0.025,-0.03
0.645,-0.01,-0.03
0.646,0.005,-0.035
0.647,0.015,-0.035
0.648,0.02,-0.035
0.649,0.015,-0.03
0.65,0.005,-0.03
0.651,0.005,-0.025
0.652,0,-0.015
0.653,0,-0.01
0.654,0,-0.005
0.655,0,0
0.656,0.005,0
0.657,0.02,0
0.658,0.03,0
0.659,0.02,-0.005
0.66,-0.01,-0.01
0.661,-0.025,-0.015
0.662,-0.035,-0.02
0.663,-0.055,-0.025
0.664,-0.05,-0.03
0.665,-0.045,-0.035
0.666,-0.04,-0.04
0.667,-0.045,-0.045
0.668,-0.025,-0.055
0.669,-0.035,-0.06
0.67,-0.06,-0.07
0.671,-0.06,-0.075
0.672,-0.07,-0.08
0.673,-0.08,-0.08
0.674,-0.065,-0.08
0.675,-0.055,-0.08
0.676,-0.05,-0.075
0.677,-0.05,-0.075
0.678,-0.035,-0.075
0.679,-0.055,-0.075
0.68,-0.055,-0.075
0.681,-0.06,-0.075
0.682,-0.065,-0.075
0.683,-0.065,-0.075
0.684,-0.06,-0.075
0.685,-0.065,-0.075
0.686,-0.065,-0.075
0.687,-0.065,-0.075
0.688,-0.065,-0.08
0.689,-0.065,-0.08
0.69,-0.08,-0.085
0.691,-0.085,-0.09
0.692,-0.08,-0.095
0.693,-0.1,-0.095
0.694,-0.09,-0.095
0.695,-0.08,-0.095
0.696,-0.06,-0.09
0.697,-0.045,-0.085
0.698,-0.045,-0.085
0.699,-0.055,-0.085
0.7,-0.06,-0.085
0.701,-0.085,-0.09
0.702,-0.085,-0.095
0.703,-0.1,-0.1
0.704,-0.1,-0.105
0.705,-0.08,-0.105
0.706,-0.075,-0.105
0.707,-0.07,-0.105
0.708,-0.075,-0.105
0.709,-0.095,-0.105
0.71,-0.105,-0.11
0.711,-0.115,-0.115
0.712,-0.14,-0.125
0.713,-0.155,-0.13
0.714,-0.135,-0.13
0.715,-0.105,-0.12
0.716,-0.045,-0.095
0.717,0.02,-0.055
0.718,0.075,-0.005
0.719,0.125,0.06
0.72,0.17,0.14
0.721,0.225,0.225
0.722,0.275,0.31
0.723,0.39,0.395
0.724,0.515,0.47
0.725,0.64,0.53
0.726,0.69,0.575
0.727,0.66,0.595
0.728,0.615,0.59
0.729,0.555,0.555
0.73,0.485,0.495
0.731,0.39,0.41
0.732,0.305,0.31
0.733,0.195,0.2
0.734,0.085,0.085
0.735,-0.03,-0.015
0.736,-0.115,-0.095
0.737,-0.155,-0.15
0.738,-0.145,-0.18
0.739,-0.125,-0.185
0.74,-0.115,-0.17
0.741,-0.11,-0.14
0.742,-0.085,-0.11
0.743,-0.05,-0.08
0.744,-0.055,-0.06
0.745,-0.03,-0.055
0.746,-0.035,-0.055
0.747,-0.045,-0.065
0.748,-0.04,-0.075
0.749,-0.04,-0.085
0.75,-0.065,-0.095
0.751,-0.07,-0.1
0.752,-0.08,-0.1
0.753,-0.075,-0.095
0.754,-0.07,-0.09
0.755,-0.06,-0.085
0.756,-0.05,-0.085
0.757,-0.03,-0.08
0.758,-0.045,-0.08
0.759,-0.045,-0.08
0.76,-0.055,-0.08
0.761,-0.06,-0.08
0.762,-0.055,-0.08
0.763,-0.06,-0.075
0.764,-0.04,-0.07
0.765,-0.035,-0.07
0.766,-0.025,-0.065
0.767,-0.01,-0.065
0.768,-0.025,-0.065
0.769,-0.045,-0.07
0.77,-0.05,-0.07
0.771,-0.055,-0.07
0.772,-0.05,-0.065
0.773,-0.055,-0.065
0.774,-0.03,-0.06
0.775,-0.025,-0.055
0.776,-0.02,-0.05
0.777,-0.01,-0.045
0.778,-0.01,-0.045
0.779,-0.02,-0.04
0.78,-0.03,-0.04
0.781,-0.025,-0.035
0.782,-0.02,-0.035
0.783,-0.015,-0.03
0.784,0.005,-0.025
0.785,0.02,-0.025
0.786,0.025,-0.02
0.787,0.025,-0.015
0.788,0.015,-0.015
0.789,0.005,-0.015
0.79,-0.01,-0.015
0.791,-0.01,-0.02
0.792,-0.01,-0.02
0.793,0.01,-0.02
0.794,0.015,-0.02
0.795,0.025,-0.02
0.796,0.045,-0.015
0.797,0.06,-0.01
0.798,0.065,-0.005
0.799,0.05,0.005
0.8,0.04,0.01
0.801,0.045,0.015
0.802,0.04,0.02
0.803,0.045,0.02
0.804,0.045,0.02
0.805,0.06,0.02
0.806,0.065,0.02
0.807,0.07,0.015
0.808,0.065,0.015
0.809,0.065,0.01
0.81,0.065,0.01
0.811,0.065,0.015
0.812,0.075,0.02
0.813,0.08,0.025
0.814,0.1,0.035
0.815,0.115,0.045
0.816,0.125,0.06
0.817,0.13,0.07
0.818,0.14,0.075
0.819,0.14,0.085
0.82,0.15,0.09
0.821,0.135,0.095
0.822,0.13,0.1
0.823,0.14,0.105
0.824,0.17,0.11
0.825,0.175,0.115
0.826,0.19,0.125
0.827,0.2,0.13
0.828,0.205,0.14
0.829,0.19,0.145
0.83,0.2,0.155
0.831,0.2,0.16
0.832,0.195,0.16
0.833,0.21,0.165
0.834,0.225,0.165
0.835,0.235,0.165
0.836,0.23,0.17
0.837,0.24,0.175
0.838,0.225,0.175
0.839,0.225,0.175
0.84,0.205,0.175
0.841,0.2,0.175
0.842,0.19,0.17
0.843,0.19,0.165
0.844,0.205,0.155
0.845,0.205,0.15
0.846,0.22,0.145
0.847,0.23,0.14
0.848,0.205,0.14
0.849,0.195,0.14
0.85,0.175,0.14
0.851,0.165,0.14
0.852,0.155,0.135
0.853,0.15,0.13
0.854,0.14,0.12
0.855,0.135,0.11
0.856,0.13,0.09
0.857,0.11,0.075
0.858,0.105,0.06
0.859,0.085,0.045
0.86,0.075,0.035
0.861,0.065,0.03
0.862,0.06,0.03
0.863,0.065,0.025
0.864,0.06,0.025
0.865,0.06,0.02
0.866,0.05,0.02
0.867,0.045,0.01
0.868,0.04,0
0.869,0.02,-0.01
0.87,0.01,-0.02
0.871,0,-0.03
0.872,0,-0.035
0.873,0.01,-0.04
0.874,0.015,-0.045
0.875,0.01,-0.045
0.876,0.02,-0.045
0.877,0.01,-0.045
0.878,0,-0.05
0.879,-0.02,-0.05
0.88,-0.02,-0.055
0.881,-0.04,-0.06
0.882,-0.035,-0.06
0.883,-0.025,-0.065
0.884,-0.015,-0.065
0.885,-0.005,-0.07
0.886,0.005,-0.07
0.887,-0.005,-0.065
0.888,-0.02,-0.065
0.889,-0.025,-0.06
0.89,-0.025,-0.06
0.891,-0.025,-0.06
0.892,-0.025,-0.055
0.893,-0.025,-0.055
0.894,-0.01,-0.06
0.895,0.005,-0.06
0.896,0.015,-0.06
0.897,0.01,-0.06
0.898,0.005,-0.06
0.899,-0.02,-0.06
0.9,-0.015,-0.065
0.901,-0.015,-0.065
0.902,-0.02,-0.065
0.903,-0.025,-0.065
0.904,-0.02,-0.065
0.905,-0.02,-0.07
0.906,0,-0.07
0.907,0.015,-0.07
0.908,-0.005,-0.075
0.909,-0.01,-0.075
0.91,-0.02,-0.08
0.911,-0.03,-0.085
0.912,-0.03,-0.09
0.913,-0.015,-0.09
0.914,0,-0.095
0.915,0.01,-0.095
0.916,0.015,-0.095
0.917,0.015,-0.09
0.918,-0.005,-0.085
0.919,-0.01,-0.08
0.92,-0.035,-0.075
0.921,-0.025,-0.07
0.922,-0.025,-0.065
0.923,-0.02,-0.065
0.924,0.005,-0.065
0.925,0.015,-0.065
0.926,0.02,-0.065
0.927,0.025,-0.07
0.928,0,-0.07
0.929,-0.01,-0.07
0.93,-0.025,-0.065
0.931,-0.035,-0.065
0.932,-0.02,-0.06
0.933,-0.01,-0.06
0.934,0.005,-0.055
0.935,0.005,-0.055
0.936,0.01,-0.06
0.937,0.015,-0.06
0.938,0,-0.065
0.939,-0.005,-0.065
0.94,-0.02,-0.07
0.941,-0.025,-0.07
0.942,-0.025,-0.075
0.943,-0.015,-0.075
0.944,0,-0.075
0.945,0.005,-0.075
0.946,0.015,-0.075
0.947,0.02,-0.075
0.948,0,-0.075
0.949,-0.015,-0.075
0.95,-0.02,-0.075
0.951,-0.03,-0.08
0.952,-0.025,-0.08
0.953,-0.005,-0.08
0.954,-0.005,-0.08
0.955,0,-0.08
0.956,0.01,-0.08
0.957,0.015,-0.08
0.958,0.005,-0.08
0.959,-0.01,-0.08
0.96,-0.015,-0.08
0.961,-0.02,-0.08
0.962,-0.015,-0.08
0.963,-0.005,-0.085
0.964,-0.005,-0.085
0.965,-0.005,-0.085
0.966,-0.01,-0.085
0.967,-0.01,-0.09
0.968,-0.01,-0.09
0.969,-0.015,-0.095
0.97,-0.025,-0.095
0.971,-0.025,-0.1
0.972,-0.02,-0.1
0.973,-0.01,-0.1
0.974,-0.01,-0.1
0.975,-0.005,-0.1
0.976,-0.005,-0.1
0.977,-0.01,-0.1
0.978,-0.025,-0.1
0.979,-0.025,-0.1
0.98,-0.025,-0.1
0.981,-0.035,-0.105
0.982,-0.03,-0.105
0.983,-0.02,-0.11
0.984,-0.01,-0.11
0.985,-0.005,-0.11
0.986,-0.01,-0.115
0.987,-0.015,-0.115
0.988,-0.025,-0.115
0.989,-0.03,-0.115
0.99,-0.035,-0.115
0.991,-0.04,-0.115
0.992,-0.025,-0.115
0.993,-0.02,-0.115
0.994,-0.015,-0.115
0.995,-0.005,-0.11
0.996,0,-0.11
0.997,-0.01,-0.11
0.998,-0.025,-0.105
0.999,-0.03,-0.105
1,-0.045,-0.105
1.001,-0.045,-0.11
1.002,-0.045,-0.11
1.003,-0.035,-0.115
1.004,-0.04,-0.12
1.005,-0.025,-0.12
1.006,-0.01,-0.125
1.007,-0.025,-0.12
1.008,-0.04,-0.12
1.009,-0.04,-0.11
1.01,-0.03,-0.105
1.011,-0.035,-0.1
1.012,-0.04,-0.095
1.013,-0.025,-0.09
1.014,-0.02,-0.095
1.015,-0.015,-0.1
1.016,-0.005,-0.105
1.017,-0.01,-0.11
1.018,-0.025,-0.115
1.019,-0.04,-0.12
1.02,-0.045,-0.12
1.021,-0.04,-0.12
1.022,-0.02,-0.12
1.023,-0.015,-0.115
1.024,-0.01,-0.115
1.025,0,-0.115
1.026,-0.005,-0.115
1.027,-0.01,-0.11
1.028,-0.01,-0.11
1.029,-0.015,-0.105
1.03,0,-0.095
1.031,0.01,-0.085
1.032,0.025,-0.07
1.033,0.065,-0.055
1.034,0.07,-0.04
1.035,0.085,-0.025
1.036,0.1,-0.01
1.037,0.1,0
1.038,0.09,0.005
1.039,0.09,0.01
1.04,0.095,0.015
1.041,0.085,0.015
1.042,0.1,0.015
1.043,0.105,0.015
1.044,0.11,0.02
1.045,0.12,0.02
1.046,0.125,0.025
1.047,0.13,0.03
1.048,0.145,0.04
1.049,0.155,0.045
1.05,0.145,0.05
1.051,0.135,0.06
1.052,0.15,0.065
1.053,0.165,0.07
1.054,0.18,0.075
1.055,0.185,0.08
1.056,0.175,0.08
1.057,0.17,0.08
1.058,0.165,0.085
1.059,0.175,0.085
1.06,0.17,0.085
1.061,0.16,0.085
1.062,0.17,0.08
1.063,0.17,0.08
1.064,0.17,0.08
1.065,0.165,0.075
1.066,0.16,0.075
1.067,0.15,0.07
1.068,0.135,0.065
1.069,0.115,0.065
1.07,0.115,0.06
1.071,0.105,0.055
1.072,0.11,0.055
1.073,0.12,0.05
1.074,0.125,0.045
1.075,0.13,0.04
1.076,0.14,0.04
1.077,0.125,0.035
1.078,0.125,0.03
1.079,0.12,0.03
1.08,0.11,0.03
1.081,0.095,0.03
1.082,0.095,0.03
1.083,0.095,0.035
1.084,0.105,0.035
1.085,0.115,0.035
1.086,0.12,0.035
1.087,0.105,0.03
1.088,0.095,0.025
1.089,0.08,0.02
1.09,0.075,0.015
1.091,0.075,0.01
1.092,0.09,0.005
1.093,0.11,0
1.094,0.115,-0.005
1.095,0.12,-0.005
1.096,0.125,-0.005
1.097,0.095,-0.005
1.098,0.08,-0.005
1.099,0.07,0
1.1,0.06,0
1.101,0.085,0.005
1.102,0.1,0.005
1.103,0.1,0.01
1.104,0.105,0.01
1.105,0.115,0.005
1.106,0.105,0.005
1.107,0.095,0.005
1.108,0.085,0
1.109,0.075,0
1.11,0.07,0
1.111,0.08,0
1.112,0.075,-0.005
1.113,0.08,-0.005
1.114,0.09,-0.005
1.115,0.08,-0.01
1.116,0.09,-0.02
1.117,0.055,-0.025
1.118,0.045,-0.035
1.119,0.02,-0.04
1.12,0.02,-0.045
1.121,0.04,-0.04
1.122,0.07,-0.025
1.123,0.115,0
1.124,0.175,0.04
1.125,0.235,0.09
1.126,0.28,0.155
1.127,0.325,0.23
1.128,0.385,0.31
1.129,0.445,0.4
1.13,0.555,0.49
1.131,0.68,0.575
1.132,0.82,0.65
1.133,0.89,0.705
1.134,0.86,0.735
1.135,0.84,0.735
1.136,0.775,0.705
1.137,0.695,0.64
1.138,0.595,0.55
1.139,0.505,0.44
1.14,0.395,0.32
1.141,0.265,0.205
1.142,0.155,0.1
1.143,0.05,0.015
1.144,0.01,-0.045
1.145,0.035,-0.075
1.146,0.04,-0.085
1.147,0.04,-0.075
1.148,0.055,-0.055
1.149,0.06,-0.035
1.15,0.075,-0.01
1.151,0.095,0.005
1.152,0.12,0.01
1.153,0.13,0.015
1.154,0.125,0.015
1.155,0.13,0.015
1.156,0.12,0.015
1.157,0.105,0.02
1.158,0.09,0.025
1.159,0.085,0.03
1.16,0.09,0.03
1.161,0.105,0.035
1.162,0.11,0.035
1.163,0.11,0.03
1.164,0.12,0.025
1.165,0.13,0.02
1.166,0.125,0.015
1.167,0.11,0.01
1.168,0.09,0.01
1.169,0.075,0.015
1.17,0.08,0.02
1.171,0.095,0.025
1.172,0.115,0.03
1.173,0.115,0.03
1.174,0.115,0.035
1.175,0.14,0.03
1.176,0.11,0.03
1.177,0.1,0.025
1.178,0.095,0.025
1.179,0.085,0.025
1.18,0.1,0.02
1.181,0.12,0.02
1.182,0.13,0.02
1.183,0.135,0.02
1.184,0.14,0.02
1.185,0.145,0.02
1.186,0.13,0.02
1.187,0.115,0.02
1.188,0.11,0.02
1.189,0.105,0.02
1.19,0.11,0.025
1.191,0.13,0.025
1.192,0.14,0.03
1.193,0.15,0.035
1.194,0.155,0.04
1.195,0.165,0.04
1.196,0.135,0.045
1.197,0.115,0.045
1.198,0.11,0.045
1.199,0.115,0.045
1.2,0.11,0.045
1.201,0.13,0.04
1.202,0.135,0.04
1.203,0.14,0.04
1.204,0.155,0.045
1.205,0.165,0.045
1.206,0.16,0.045
1.207,0.15,0.05
1.208,0.145,0.05
1.209,0.145,0.05
1.21,0.135,0.055
1.211,0.14,0.055
1.212,0.165,0.06
1.213,0.17,0.065
1.214,0.175,0.07
1.215,0.17,0.075
1.216,0.17,0.08
1.217,0.165,0.085
1.218,0.175,0.09
1.219,0.16,0.09
1.22,0.165,0.095
1.221,0.18,0.095
1.222,0.21,0.095
1.223,0.215,0.1
1.224,0.225,0.105
1.225,0.225,0.11
1.226,0.215,0.12
1.227,0.21,0.13
1.228,0.22,0.14
1.229,0.2,0.15
1.23,0.225,0.165
1.231,0.25,0.17
1.232,0.255,0.18
1.233,0.26,0.185
1.234,0.27,0.185
1.235,0.27,0.19
1.236,0.27,0.19
1.237,0.265,0.19
1.238,0.265,0.19
1.239,0.25,0.19
1.24,0.265,0.195
1.241,0.265,0.2
1.242,0.28,0.205
1.243,0.295,0.205
1.244,0.295,0.21
1.245,0.29,0.215
1.246,0.29,0.215
1.247,0.285,0.215
1.248,0.28,0.21
1.249,0.26,0.205
1.25,0.26,0.2
1.251,0.255,0.195
1.252,0.26,0.19
1.253,0.26,0.185
1.254,0.27,0.185
1.255,0.26,0.18
1.256,0.235,0.175
1.257,0.22,0.17
1.258,0.19,0.16
1.259,0.17,0.15
1.26,0.17,0.135
1.261,0.15,0.12
1.262,0.155,0.105
1.263,0.16,0.09
1.264,0.15,0.075
1.265,0.13,0.065
1.266,0.12,0.055
1.267,0.095,0.05
1.268,0.095,0.045
1.269,0.075,0.045
1.27,0.08,0.04
1.271,0.075,0.03
1.272,0.075,0.025
1.273,0.065,0.015
1.274,0.065,0.005
1.275,0.035,-0.005
1.276,0.03,-0.015
1.277,0.02,-0.02
1.278,0.015,-0.025
1.279,-0.005,-0.03
1.28,0,-0.03
1.281,0.01,-0.035
1.282,0.01,-0.035
1.283,0.01,-0.04
1.284,0.03,-0.05
1.285,0.015,-0.055
1.286,0.005,-0.06
1.287,-0.01,-0.065
1.288,-0.02,-0.065
1.289,-0.03,-0.065
1.29,-0.02,-0.065
1.291,-0.015,-0.06
1.292,-0.01,-0.06
1.293,-0.005,-0.06
1.294,0.01,-0.065
1.295,-0.01,-0.07
1.296,-0.005,-0.075
1.297,-0.025,-0.08
1.298,-0.055,-0.09
1.299,-0.04,-0.09
1.3,-0.035,-0.09
1.301,-0.01,-0.09
1.302,0,-0.085
1.303,0.005,-0.08
1.304,0.005,-0.075
1.305,-0.005,-0.075
1.306,-0.03,-0.075
1.307,-0.035,-0.08
1.308,-0.04,-0.085
1.309,-0.03,-0.09
1.31,-0.035,-0.095
1.311,-0.03,-0.1
1.312,-0.02,-0.1
1.313,-0.015,-0.1
1.314,-0.01,-0.1
1.315,-0.025,-0.09
1.316,-0.035,-0.085
1.317,-0.055,-0.075
1.318,-0.055,-0.07
1.319,-0.05,-0.065
1.32,-0.04,-0.06
1.321,-0.025,-0.065
1.322,-0.015,-0.065
1.323,-0.02,-0.07
1.324,-0.01,-0.075
1.325,-0.025,-0.08
1.326,-0.03,-0.085
1.327,-0.035,-0.085
1.328,-0.05,-0.09
1.329,-0.055,-0.09
1.33,-0.04,-0.09
1.331,-0.04,-0.085
1.332,-0.02,-0.085
1.333,-0.015,-0.08
1.334,-0.02,-0.08
1.335,-0.03,-0.075
1.336,-0.045,-0.075
1.337,-0.05,-0.07
1.338,-0.055,-0.07
1.339,-0.055,-0.07
1.34,-0.05,-0.07
1.341,-0.02,-0.075
1.342,-0.025,-0.075
1.343,-0.025,-0.08
1.344,-0.015,-0.085
1.345,-0.035,-0.085
1.346,-0.04,-0.085
1.347,-0.04,-0.085
1.348,-0.04,-0.085
1.349,-0.04,-0.08
1.35,-0.025,-0.08
1.351,-0.035,-0.075
1.352,-0.03,-0.075
1.353,-0.025,-0.075
1.354,-0.03,-0.075
1.355,-0.045,-0.075
1.356,-0.06,-0.08
1.357,-0.06,-0.08
1.358,-0.065,-0.08
1.359,-0.06,-0.08
1.36,-0.04,-0.08
1.361,-0.03,-0.08
1.362,-0.035,-0.08
1.363,-0.03,-0.08
1.364,-0.025,-0.085
1.365,-0.045,-0.09
1.366,-0.045,-0.09
1.367,-0.065,-0.095
1.368,-0.07,-0.095
1.369,-0.065,-0.1
1.37,-0.055,-0.1
1.371,-0.05,-0.1
1.372,-0.035,-0.095
1.373,-0.03,-0.095
1.374,-0.03,-0.095
1.375,-0.045,-0.09
1.376,-0.06,-0.09
1.377,-0.065,-0.09
1.378,-0.075,-0.09
1.379,-0.07,-0.09
1.38,-0.05,-0.095
1.381,-0.05,-0.095
1.382,-0.04,-0.095
1.383,-0.03,-0.09
1.384,-0.04,-0.09
1.385,-0.045,-0.085
1.386,-0.06,-0.08
1.387,-0.06,-0.075
1.388,-0.065,-0.07
1.389,-0.075,-0.07
1.39,-0.07,-0.065
1.391,-0.06,-0.065
1.392,-0.055,-0.065
1.393,-0.045,-0.07
1.394,-0.05,-0.075
1.395,-0.055,-0.08
1.396,-0.065,-0.09
1.397,-0.065,-0.095
1.398,-0.08,-0.095
1.399,-0.065,-0.1
1.4,-0.055,-0.095
1.401,-0.04,-0.095
1.402,-0.04,-0.09
1.403,-0.03,-0.08
1.404,-0.035,-0.08
1.405,-0.05,-0.075
1.406,-0.075,-0.075
1.407,-0.075,-0.075
1.408,-0.095,-0.08
1.409,-0.09,-0.085
1.41,-0.065,-0.085
1.411,-0.055,-0.09
1.412,-0.045,-0.095
1.413,-0.045,-0.095
1.414,-0.055,-0.095
1.415,-0.07,-0.095
1.416,-0.08,-0.095
1.417,-0.075,-0.095
1.418,-0.075,-0.095
1.419,-0.065,-0.095
1.42,-0.06,-0.1
1.421,-0.055,-0.1
1.422,-0.045,-0.1
1.423,-0.04,-0.1
1.424,-0.04,-0.1
1.425,-0.055,-0.1
1.426,-0.075,-0.1
1.427,-0.075,-0.1
1.428,-0.08,-0.1
1.429,-0.065,-0.095
1.43,-0.06,-0.095
1.431,-0.055,-0.095
1.432,-0.06,-0.09
1.433,-0.045,-0.085
1.434,-0.065,-0.085
1.435,-0.075,-0.08
1.436,-0.085,-0.075
1.437,-0.09,-0.075
1.438,-0.09,-0.07
1.439,-0.075,-0.07
1.44,-0.055,-0.075
1.441,-0.03,-0.075
1.442,-0.025,-0.08
1.443,-0.045,-0.085
1.444,-0.065,-0.09
1.445,-0.075,-0.09
1.446,-0.085,-0.09
1.447,-0.09,-0.09
1.448,-0.1,-0.09
1.449,-0.085,-0.085
1.45,-0.07,-0.085
1.451,-0.06,-0.08
1.452,-0.045,-0.08
1.453,-0.04,-0.08
1.454,-0.06,-0.08
1.455,-0.07,-0.08
1.456,-0.075,-0.08
1.457,-0.085,-0.085
1.458,-0.085,-0.085
1.459,-0.07,-0.085
1.46,-0.06,-0.08
1.461,-0.06,-0.08
1.462,-0.055,-0.08
1.463,-0.05,-0.075
1.464,-0.065,-0.075
1.465,-0.075,-0.07
1.466,-0.075,-0.07
1.467,-0.08,-0.065
1.468,-0.07,-0.065
1.469,-0.06,-0.065
1.47,-0.055,-0.065
1.471,-0.055,-0.065
1.472,-0.045,-0.065
1.473,-0.04,-0.07
1.474,-0.065,-0.075
1.475,-0.08,-0.08
1.476,-0.09,-0.08
1.477,-0.07,-0.085
1.478,-0.08,-0.085
1.479,-0.07,-0.085
1.48,-0.05,-0.08
1.481,-0.045,-0.075
1.482,-0.05,-0.075
1.483,-0.045,-0.07
1.484,-0.055,-0.07
1.485,-0.07,-0.07
1.486,-0.075,-0.07
1.487,-0.07,-0.07
1.488,-0.065,-0.07
1.489,-0.06,-0.07
1.49,-0.055,-0.065
1.491,-0.055,-0.065
1.492,-0.04,-0.06
1.493,-0.045,-0.06
1.494,-0.06,-0.055
1.495,-0.055,-0.055
1.496,-0.05,-0.055
1.497,-0.065,-0.055
1.498,-0.055,-0.055
1.499,-0.04,-0.055
1.5,-0.035,-0.055
1.501,-0.015,-0.055
1.502,-0.02,-0.055
1.503,-0.03,-0.05
1.504,-0.035,-0.05
1.505,-0.05,-0.045
1.506,-0.05,-0.045
1.507,-0.05,-0.04
1.508,-0.05,-0.04
1.509,-0.04,-0.035
1.51,-0.02,-0.03
1.511,0.005,-0.025
1.512,0.01,-0.02
1.513,0.015,-0.02
1.514,0,-0.015
1.515,0,-0.01
1.516,-0.015,-0.005
1.517,-0.02,-0.005
1.518,-0.02,-0.005
1.519,-0.02,-0.005
1.52,-0.005,-0.005
1.521,0.01,-0.005
1.522,0.045,-0.01
1.523,0.025,-0.01
1.524,0.005,-0.01
1.525,0,-0.01
1.526,-0.025,-0.01
1.527,-0.045,-0.01
1.528,-0.04,-0.01
1.529,-0.025,-0.01
1.53,-0.025,-0.015
1.531,-0.03,-0.015
1.532,-0.03,-0.02
1.533,-0.05,-0.025
1.534,-0.06,-0.03
1.535,-0.075,-0.04
1.536,-0.085,-0.045
1.537,-0.09,-0.055
1.538,-0.09,-0.06
1.539,-0.07,-0.07
1.54,-0.07,-0.075
1.541,-0.055,-0.075
1.542,-0.045,-0.08
1.543,-0.055,-0.08
1.544,-0.07,-0.075
1.545,-0.08,-0.07
1.546,-0.08,-0.07
1.547,-0.09,-0.065
1.548,-0.09,-0.06
1.549,-0.08,-0.06
1.55,-0.06,-0.055
1.551,-0.06,-0.055
1.552,-0.06,-0.06
1.553,-0.08,-0.06
1.554,-0.08,-0.065
1.555,-0.085,-0.065
1.556,-0.105,-0.07
1.557,-0.11,-0.075
1.558,-0.1,-0.075
1.559,-0.08,-0.08
1.56,-0.075,-0.085
1.561,-0.065,-0.085
1.562,-0.055,-0.085
1.563,-0.07,-0.085
1.564,-0.085,-0.085
1.565,-0.1,-0.085
1.566,-0.11,-0.085
1.567,-0.105,-0.085
1.568,-0.09,-0.085
1.569,-0.085,-0.085
1.57,-0.08,-0.085
1.571,-0.075,-0.085
1.572,-0.05,-0.08
1.573,-0.08,-0.08
1.574,-0.085,-0.075
1.575,-0.09,-0.075
1.576,-0.11,-0.07
1.577,-0.12,-0.07
1.578,-0.105,-0.07
1.579,-0.095,-0.075
1.58,-0.1,-0.08
1.581,-0.1,-0.085
1.582,-0.105,-0.09
1.583,-0.125,-0.095
1.584,-0.13,-0.095
1.585,-0.125,-0.09
1.586,-0.125,-0.08
1.587,-0.09,-0.06
1.588,-0.02,-0.03
1.589,0.045,0.015
1.59,0.095,0.07
1.591,0.155,0.135
1.592,0.235,0.215
1.593,0.275,0.305
1.594,0.36,0.395
1.595,0.46,0.485
1.596,0.59,0.56
1.597,0.67,0.625
1.598,0.675,0.665
1.599,0.675,0.67
1.6,0.62,0.65
1.601,0.575,0.59
1.602,0.465,0.505
1.603,0.38,0.4
1.604,0.27,0.28
1.605,0.135,0.165
1.606,-0.01,0.055
1.607,-0.13,-0.035
1.608,-0.18,-0.1
1.609,-0.185,-0.135
1.61,-0.15,-0.15
1.611,-0.135,-0.15
1.612,-0.11,-0.135
1.613,-0.085,-0.11
1.614,-0.07,-0.09
1.615,-0.07,-0.075
1.616,-0.075,-0.06
1.617,-0.06,-0.05
1.618,-0.05,-0.045
1.619,-0.05,-0.045
1.62,-0.035,-0.04
1.621,-0.03,-0.035
1.622,-0.035,-0.03
1.623,-0.05,-0.025
1.624,-0.06,-0.02
1.625,-0.06,-0.015
1.626,-0.06,-0.015
1.627,-0.065,-0.015
1.628,-0.05,-0.02
1.629,-0.04,-0.02
1.63,-0.03,-0.025
1.631,-0.04,-0.025
1.632,-0.03,-0.025
1.633,-0.045,-0.025
1.634,-0.065,-0.025
1.635,-0.06,-0.025
1.636,-0.065,-0.02
1.637,-0.04,-0.025
1.638,-0.04,-0.025
1.639,-0.02,-0.025
1.64,-0.01,-0.025
1.641,-0.015,-0.02
1.642,-0.015,-0.02
1.643,-0.03,-0.015
1.644,-0.045,-0.015
1.645,-0.04,-0.01
1.646,-0.055,-0.01
1.647,-0.045,-0.005
1.648,-0.03,-0.005
1.649,-0.01,-0.005
1.65,0.005,-0.005
1.651,0.01,-0.01
1.652,0,-0.01
1.653,-0.025,-0.01
1.654,-0.03,-0.005
1.655,-0.035,-0.01
1.656,-0.065,-0.01
1.657,-0.04,-0.01
1.658,-0.015,-0.01
1.659,-0.015,-0.01
1.66,-0.005,-0.01
1.661,0.015,-0.01
1.662,0.01,-0.01
1.663,0.005,-0.005
1.664,-0.005,0
1.665,-0.01,0.005
1.666,-0.015,0.01
1.667,0,0.015
1.668,-0.005,0.015
1.669,0,0.02
1.67,0.01,0.02
1.671,0.025,0.025
1.672,0.03,0.025
1.673,0.015,0.03
1.674,0.015,0.035
1.675,0,0.04
1.676,0.01,0.05
1.677,0.01,0.055
1.678,0.03,0.06
1.679,0.045,0.06
1.68,0.055,0.065
1.681,0.065,0.065
1.682,0.07,0.065
1.683,0.065,0.065
1.684,0.06,0.065
1.685,0.05,0.07
1.686,0.065,0.075
1.687,0.07,0.085
1.688,0.1,0.09
1.689,0.11,0.095
1.69,0.115,0.105
1.691,0.13,0.11
1.692,0.13,0.115
1.693,0.12,0.12
1.694,0.115,0.125
1.695,0.115,0.13
1.696,0.125,0.135
1.697,0.14,0.145
1.698,0.155,0.15
1.699,0.17,0.16
1.7,0.165,0.165
1.701,0.175,0.175
1.702,0.165,0.18
1.703,0.17,0.185
1.704,0.185,0.185
1.705,0.18,0.19
1.706,0.175,0.195
1.707,0.195,0.195
1.708,0.2,0.2
1.709,0.21,0.205
1.71,0.195,0.21
1.711,0.215,0.21
1.712,0.195,0.215
1.713,0.195,0.22
1.714,0.19,0.225
1.715,0.17,0.225
1.716,0.165,0.225
1.717,0.17,0.22
1.718,0.185,0.215
1.719,0.17,0.205
1.72,0.175,0.195
1.721,0.17,0.18
1.722,0.175,0.17
1.723,0.13,0.155
1.724,0.125,0.145
1.725,0.12,0.14
1.726,0.105,0.135
1.727,0.105,0.135
1.728,0.11,0.135
1.729,0.105,0.135
1.73,0.1,0.13
1.731,0.09,0.125
1.732,0.075,0.115
1.733,0.065,0.1
1.734,0.045,0.08
1.735,0.025,0.065
1.736,0.005,0.045
1.737,0.005,0.03
1.738,-0.005,0.02
1.739,0.005,0.015
1.74,0.005,0.015
1.741,0,0.015
1.742,-0.015,0.015
1.743,-0.025,0.015
1.744,-0.03,0.015
1.745,-0.045,0.01
1.746,-0.05,0
1.747,-0.05,-0.005
1.748,-0.035,-0.015
1.749,-0.035,-0.025
1.75,-0.02,-0.025
1.751,-0.02,-0.03
1.752,-0.035,-0.03
1.753,-0.04,-0.03
1.754,-0.055,-0.03
1.755,-0.055,-0.03
1.756,-0.045,-0.03
1.757,-0.04,-0.03
1.758,-0.045,-0.035
1.759,-0.05,-0.035
1.76,-0.055,-0.04
1.761,-0.055,-0.045
1.762,-0.075,-0.05
1.763,-0.075,-0.05
1.764,-0.07,-0.05
1.765,-0.075,-0.05
1.766,-0.075,-0.05
1.767,-0.06,-0.05
1.768,-0.055,-0.045
1.769,-0.055,-0.045
1.77,-0.05,-0.045
1.771,-0.045,-0.05
1.772,-0.05,-0.05
1.773,-0.06,-0.055
1.774,-0.065,-0.055
1.775,-0.08,-0.055
1.776,-0.07,-0.055
1.777,-0.06,-0.055
1.778,-0.055,-0.05
1.779,-0.035,-0.05
1.78,-0.02,-0.045
1.781,-0.025,-0.04
1.782,-0.045,-0.035
1.783,-0.07,-0.03
1.784,-0.07,-0.03
1.785,-0.075,-0.035
1.786,-0.055,-0.04
1.787,-0.045,-0.045
1.788,-0.02,-0.05
1.789,-0.035,-0.055
1.79,-0.025,-0.06
1.791,-0.025,-0.06
1.792,-0.04,-0.065
1.793,-0.055,-0.065
1.794,-0.065,-0.065
1.795,-0.07,-0.065
1.796,-0.065,-0.06
1.797,-0.045,-0.055
1.798,-0.04,-0.05
1.799,-0.04,-0.05
1.8,-0.025,-0.045
1.801,-0.01,-0.045
1.802,-0.035,-0.045
1.803,-0.045,-0.045
1.804,-0.05,-0.05
1.805,-0.065,-0.05
1.806,-0.065,-0.055
1.807,-0.05,-0.055
1.808,-0.035,-0.055
1.809,-0.035,-0.055
1.81,-0.02,-0.05
1.811,-0.015,-0.04
1.812,-0.03,-0.03
1.813,-0.035,-0.025
1.814,-0.045,-0.02
1.815,-0.05,-0.015
1.816,-0.05,-0.015
1.817,-0.03,-0.02
1.818,-0.03,-0.025
1.819,-0.03,-0.03
1.82,-0.025,-0.04
1.821,-0.01,-0.045
1.822,-0.04,-0.045
1.823,-0.035,-0.045
1.824,-0.04,-0.045
1.825,-0.05,-0.04
1.826,-0.035,-0.035
1.827,-0.035,-0.03
1.828,-0.015,-0.03
1.829,-0.025,-0.025
1.83,-0.015,-0.025
1.831,-0.015,-0.025
1.832,-0.025,-0.025
1.833,-0.04,-0.03
1.834,-0.04,-0.03
1.835,-0.05,-0.035
1.836,-0.055,-0.035
1.837,-0.04,-0.04
1.838,-0.03,-0.04
1.839,-0.025,-0.045
1.84,-0.025,-0.045
1.841,-0.03,-0.05
1.842,-0.035,-0.05
1.843,-0.06,-0.055
1.844,-0.06,-0.06
1.845,-0.07,-0.06
1.846,-0.06,-0.06
1.847,-0.035,-0.06
1.848,-0.03,-0.055
1.849,-0.01,-0.05
1.85,-0.025,-0.045
1.851,-0.025,-0.04
1.852,-0.04,-0.035
1.853,-0.055,-0.035
1.854,-0.07,-0.035
1.855,-0.075,-0.04
1.856,-0.04,-0.045
1.857,-0.045,-0.055
1.858,-0.04,-0.06
1.859,-0.045,-0.07
1.86,-0.03,-0.07
1.861,-0.035,-0.075
1.862,-0.05,-0.075
1.863,-0.055,-0.07
1.864,-0.065,-0.07
1.865,-0.07,-0.065
1.866,-0.065,-0.065
1.867,-0.06,-0.065
1.868,-0.05,-0.065
1.869,-0.04,-0.07
1.87,-0.03,-0.07
1.871,-0.045,-0.075
1.872,-0.055,-0.075
1.873,-0.05,-0.075
1.874,-0.06,-0.07
1.875,-0.07,-0.07
1.876,-0.045,-0.065
1.877,-0.04,-0.06
1.878,-0.03,-0.055
1.879,-0.025,-0.055
1.88,-0.04,-0.05
1.881,-0.04,-0.05
1.882,-0.055,-0.05
1.883,-0.055,-0.05
1.884,-0.065,-0.05
1.885,-0.065,-0.05
1.886,-0.065,-0.055
1.887,-0.06,-0.055
1.888,-0.025,-0.06
1.889,-0.03,-0.065
1.89,-0.015,-0.07
1.891,-0.04,-0.075
1.892,-0.06,-0.075
1.893,-0.065,-0.08
1.894,-0.07,-0.08
1.895,-0.075,-0.075
1.896,-0.06,-0.07
1.897,-0.05,-0.065
1.898,-0.025,-0.06
1.899,-0.025,-0.055
1.9,-0.025,-0.055
1.901,-0.03,-0.055
1.902,-0.045,-0.06
1.903,-0.055,-0.065
1.904,-0.06,-0.065
1.905,-0.08,-0.07
1.906,-0.075,-0.075
1.907,-0.07,-0.08
1.908,-0.06,-0.085
1.909,-0.035,-0.085
1.91,-0.035,-0.09
1.911,-0.055,-0.09
1.912,-0.055,-0.09
1.913,-0.065,-0.09
1.914,-0.075,-0.09
1.915,-0.075,-0.09
1.916,-0.065,-0.085
1.917,-0.045,-0.085
1.918,-0.035,-0.08
1.919,-0.025,-0.08
1.92,-0.035,-0.075
1.921,-0.035,-0.07
1.922,-0.04,-0.07
1.923,-0.045,-0.065
1.924,-0.06,-0.065
1.925,-0.06,-0.065
1.926,-0.04,-0.065
1.927,-0.035,-0.065
1.928,-0.03,-0.07
1.929,-0.02,-0.07
1.93,-0.015,-0.075
1.931,-0.03,-0.075
1.932,-0.035,-0.075
1.933,-0.04,-0.07
1.934,-0.05,-0.07
1.935,-0.045,-0.065
1.936,-0.05,-0.06
1.937,-0.025,-0.055
1.938,0.005,-0.045
1.939,0.01,-0.04
1.94,0.02,-0.035
1.941,0.03,-0.035
1.942,0.035,-0.03
1.943,0.03,-0.025
1.944,0.035,-0.02
1.945,0.025,-0.015
1.946,0.04,-0.01
1.947,0.045,0
1.948,0.055,0.005
1.949,0.065,0.01
1.95,0.075,0.015
1.951,0.065,0.02
1.952,0.055,0.02
1.953,0.045,0.025
1.954,0.04,0.025
1.955,0.055,0.03
1.956,0.065,0.03
1.957,0.09,0.035
1.958,0.105,0.04
1.959,0.125,0.045
1.96,0.13,0.045
1.961,0.095,0.05
1.962,0.09,0.055
1.963,0.1,0.06
1.964,0.09,0.06
1.965,0.095,0.06
1.966,0.1,0.06
1.967,0.11,0.06
1.968,0.125,0.06
1.969,0.135,0.06
1.97,0.145,0.065
1.971,0.145,0.065
1.972,0.13,0.07
1.973,0.135,0.075
1.974,0.12,0.08
1.975,0.125,0.085
1.976,0.125,0.09
1.977,0.135,0.09
1.978,0.145,0.095
1.979,0.155,0.1
1.98,0.17,0.105
1.981,0.16,0.11
1.982,0.165,0.11
1.983,0.165,0.115
1.984,0.155,0.115
1.985,0.155,0.115
1.986,0.16,0.115
1.987,0.155,0.115
1.988,0.165,0.115
1.989,0.18,0.11
1.99,0.165,0.105
1.991,0.16,0.1
1.992,0.16,0.1
1.993,0.16,0.1
1.994,0.14,0.095
1.995,0.13,0.095
1.996,0.14,0.095
1.997,0.14,0.095
1.998,0.135,0.095
1.999,0.135,0.095
2,0.13,0.09
2.001,0.11,0.085
2.002,0.11,0.085
2.003,0.095,0.08
2.004,0.09,0.075
2.005,0.095,0.075
2.006,0.105,0.075
2.007,0.12,0.07
2.008,0.125,0.07
2.009,0.12,0.065
2.01,0.11,0.06
2.011,0.105,0.055
2.012,0.09,0.05
2.013,0.085,0.045
2.014,0.07,0.04
2.015,0.085,0.04
2.016,0.105,0.035
2.017,0.1,0.035
2.018,0.105,0.04
2.019,0.1,0.04
2.02,0.095,0.035
2.021,0.08,0.035
2.022,0.07,0.03
2.023,0.075,0.025
2.024,0.055,0.02
2.025,0.07,0.015
2.026,0.07,0.01
2.027,0.08,0.01
2.028,0.085,0.01
2.029,0.1,0.015
2.03,0.085,0.02
2.031,0.065,0.025
2.032,0.06,0.03
2.033,0.05,0.035
2.034,0.05,0.04
2.035,0.055,0.04
2.036,0.07,0.04
2.037,0.08,0.035
2.038,0.085,0.03
2.039,0.085,0.025
2.04,0.07,0.02
2.041,0.065,0.015
2.042,0.065,0.015
2.043,0.045,0.015
2.044,0.065,0.015
2.045,0.065,0.015
2.046,0.065,0.015
2.047,0.07,0.015
2.048,0.06,0.01
2.049,0.07,0.005
2.05,0.06,-0.005
2.051,0.035,-0.01
2.052,0.03,-0.015
2.053,0.04,-0.015
2.054,0.055,-0.005
2.055,0.085,0.015
2.056,0.13,0.045
2.057,0.185,0.09
2.058,0.235,0.145
2.059,0.29,0.21
2.06,0.33,0.285
2.061,0.395,0.365
2.062,0.5,0.445
2.063,0.605,0.52
2.064,0.705,0.585
2.065,0.755,0.63
2.066,0.755,0.655
2.067,0.74,0.655
2.068,0.695,0.63
2.069,0.615,0.57
2.07,0.515,0.49
2.071,0.43,0.39
2.072,0.325,0.28
2.073,0.19,0.165
2.074,0.07,0.065
2.075,-0.015,-0.015
2.076,-0.045,-0.075
2.077,-0.04,-0.105
2.078,-0.02,-0.115
2.079,0.015,-0.1
2.08,0.025,-0.08
2.081,0.025,-0.05
2.082,0.04,-0.02
2.083,0.06,0.005
2.084,0.085,0.02
2.085,0.09,0.03
2.086,0.1,0.03
2.087,0.12,0.03
2.088,0.11,0.03
2.089,0.09,0.03
2.09,0.075,0.03
2.091,0.07,0.035
2.092,0.065,0.04
2.093,0.07,0.04
2.094,0.07,0.04
2.095,0.085,0.04
2.096,0.09,0.035
2.097,0.105,0.03
2.098,0.105,0.025
2.099,0.11,0.02
2.1,0.095,0.015
2.101,0.095,0.015
2.102,0.085,0.015
2.103,0.085,0.015
2.104,0.085,0.02
2.105,0.1,0.02
2.106,0.11,0.025
2.107,0.12,0.025
2.108,0.13,0.025
2.109,0.11,0.03
2.11,0.09,0.03
2.111,0.075,0.025
2.112,0.07,0.025
2.113,0.07,0.025
2.114,0.075,0.025
2.115,0.095,0.025
2.116,0.115,0.025
2.117,0.125,0.025
2.118,0.13,0.03
2.119,0.125,0.03
2.12,0.115,0.03
2.121,0.105,0.03
2.122,0.1,0.03
2.123,0.105,0.03
2.124,0.11,0.03
2.125,0.12,0.03
2.126,0.125,0.03
2.127,0.125,0.035
2.128,0.13,0.035
2.129,0.13,0.04
2.13,0.105,0.045
2.131,0.105,0.05
2.132,0.12,0.055
2.133,0.105,0.06
2.134,0.11,0.065
2.135,0.12,0.065
2.136,0.13,0.07
2.137,0.145,0.065
2.138,0.165,0.065
2.139,0.15,0.06
2.14,0.14,0.055
2.141,0.13,0.05
2.142,0.125,0.05
2.143,0.13,0.05
2.144,0.13,0.05
2.145,0.14,0.055
2.146,0.14,0.055
2.147,0.145,0.06
2.148,0.165,0.065
2.149,0.17,0.07
2.15,0.16,0.075
2.151,0.16,0.08
2.152,0.165,0.085
2.153,0.16,0.095
2.154,0.185,0.1
2.155,0.18,0.11
2.156,0.195,0.12
2.157,0.2,0.125
2.158,0.21,0.13
2.159,0.205,0.135
2.16,0.2,0.14
2.161,0.2,0.14
2.162,0.2,0.14
2.163,0.2,0.145
2.164,0.215,0.145
2.165,0.225,0.15
2.166,0.25,0.155
2.167,0.26,0.165
2.168,0.27,0.17
2.169,0.255,0.18
2.17,0.255,0.185
2.171,0.26,0.19
2.172,0.26,0.19
2.173,0.245,0.19
2.174,0.26,0.19
2.175,0.27,0.19
2.176,0.265,0.185
2.177,0.27,0.185
2.178,0.255,0.185
2.179,0.265,0.185
2.18,0.26,0.19
2.181,0.245,0.195
2.182,0.24,0.195
2.183,0.235,0.195
2.184,0.24,0.195
2.185,0.255,0.19
2.186,0.235,0.19
2.187,0.24,0.18
2.188,0.24,0.175
2.189,0.22,0.165
2.19,0.2,0.155
2.191,0.18,0.145
2.192,0.165,0.135
2.193,0.15,0.125
2.194,0.155,0.11
2.195,0.155,0.1
2.196,0.15,0.09
2.197,0.135,0.075
2.198,0.12,0.06
2.199,0.09,0.05
2.2,0.085,0.04
2.201,0.07,0.03
2.202,0.05,0.02
2.203,0.04,0.01
2.204,0.045,0.005
2.205,0.045,0
2.206,0.04,-0.01
2.207,0.05,-0.015
2.208,0.045,-0.02
2.209,0.03,-0.025
2.21,0.01,-0.03
2.211,-0.005,-0.04
2.212,-0.015,-0.045
2.213,-0.025,-0.05
2.214,-0.015,-0.055
2.215,-0.01,-0.055
2.216,0,-0.06
2.217,0.005,-0.06
2.218,0.005,-0.065
2.219,-0.02,-0.065
2.22,-0.03,-0.07
2.221,-0.045,-0.08
2.222,-0.06,-0.085
2.223,-0.04,-0.095
2.224,-0.04,-0.1
2.225,-0.02,-0.105
2.226,-0.015,-0.11
2.227,-0.015,-0.11
2.228,-0.01,-0.11
2.229,-0.02,-0.11
2.23,-0.05,-0.105
2.231,-0.055,-0.105
2.232,-0.075,-0.1
2.233,-0.06,-0.1
2.234,-0.055,-0.1
2.235,-0.035,-0.1
2.236,-0.03,-0.105
2.237,-0.03,-0.105
2.238,-0.025,-0.105
2.239,-0.04,-0.105
2.24,-0.06,-0.105
2.241,-0.055,-0.105
2.242,-0.055,-0.105
2.243,-0.065,-0.105
2.244,-0.06,-0.11
2.245,-0.05,-0.11
2.246,-0.03,-0.115
2.247,-0.02,-0.115
2.248,-0.02,-0.115
2.249,-0.03,-0.12
2.25,-0.04,-0.12
2.251,-0.05,-0.115
2.252,-0.065,-0.115
2.253,-0.07,-0.11
2.254,-0.055,-0.11
2.255,-0.035,-0.105
2.256,-0.025,-0.105
2.257,-0.02,-0.105
2.258,-0.015,-0.105
2.259,-0.03,-0.105
2.26,-0.045,-0.105
2.261,-0.045,-0.11
2.262,-0.05,-0.11
2.263,-0.04,-0.11
2.264,-0.025,-0.11
2.265,-0.015,-0.105
2.266,-0.015,-0.105
2.267,0,-0.1
2.268,-0.01,-0.095
2.269,-0.035,-0.095
2.27,-0.055,-0.09
2.271,-0.04,-0.09
2.272,-0.065,-0.09
2.273,-0.04,-0.095
2.274,-0.05,-0.1
2.275,-0.035,-0.1
2.276,-0.01,-0.105
2.277,0.005,-0.105
2.278,-0.02,-0.105
2.279,-0.04,-0.105
2.28,-0.04,-0.1
2.281,-0.04,-0.09
2.282,-0.065,-0.085
2.283,-0.045,-0.08
2.284,-0.035,-0.075
2.285,-0.025,-0.07
2.286,-0.025,-0.07
2.287,-0.01,-0.075
2.288,-0.015,-0.08
2.289,-0.035,-0.085
2.29,-0.035,-0.09
2.291,-0.045,-0.095
2.292,-0.05,-0.095
2.293,-0.05,-0.095
2.294,-0.04,-0.09
2.295,-0.04,-0.09
2.296,-0.045,-0.085
2.297,-0.025,-0.085
2.298,-0.04,-0.085
2.299,-0.045,-0.085
2.3,-0.055,-0.085
2.301,-0.07,-0.09
2.302,-0.07,-0.09
2.303,-0.06,-0.09
2.304,-0.045,-0.09
2.305,-0.035,-0.09
2.306,-0.03,-0.085
2.307,-0.025,-0.08
2.308,-0.025,-0.08
2.309,-0.035,-0.08
2.31,-0.05,-0.08
2.311,-0.075,-0.085
2.312,-0.1,-0.09
2.313,-0.07,-0.095
2.314,-0.05,-0.1
2.315,-0.05,-0.1
2.316,-0.04,-0.105
2.317,-0.035,-0.105
2.318,-0.04,-0.11
2.319,-0.05,-0.105
2.32,-0.06,-0.105
2.321,-0.075,-0.105
2.322,-0.07,-0.105
2.323,-0.05,-0.1
2.324,-0.05,-0.1
2.325,-0.05,-0.095
2.326,-0.04,-0.095
2.327,-0.035,-0.095
2.328,-0.045,-0.095
2.329,-0.06,-0.095
2.33,-0.07,-0.1
2.331,-0.075,-0.1
2.332,-0.08,-0.105
2.333,-0.075,-0.105
2.334,-0.04,-0.105
2.335,-0.045,-0.11
2.336,-0.04,-0.11
2.337,-0.035,-0.11
2.338,-0.055,-0.11
2.339,-0.055,-0.11
2.34,-0.065,-0.115
2.341,-0.075,-0.115
2.342,-0.075,-0.115
2.343,-0.06,-0.12
2.344,-0.065,-0.12
2.345,-0.06,-0.12
2.346,-0.055,-0.115
2.347,-0.045,-0.11
2.348,-0.045,-0.105
2.349,-0.06,-0.1
2.35,-0.08,-0.095
2.351,-0.07,-0.09
2.352,-0.075,-0.09
2.353,-0.06,-0.09
2.354,-0.055,-0.09
2.355,-0.065,-0.095
2.356,-0.045,-0.1
2.357,-0.045,-0.105
2.358,-0.05,-0.105
2.359,-0.065,-0.11
2.36,-0.065,-0.11
2.361,-0.075,-0.105
2.362,-0.08,-0.105
2.363,-0.065,-0.1
2.364,-0.055,-0.095
2.365,-0.05,-0.095
2.366,-0.05,-0.09
2.367,-0.04,-0.09
2.368,-0.06,-0.09
2.369,-0.065,-0.095
2.37,-0.075,-0.095
2.371,-0.085,-0.1
2.372,-0.08,-0.105
2.373,-0.065,-0.11
2.374,-0.06,-0.11
2.375,-0.055,-0.115
2.376,-0.05,-0.11
2.377,-0.035,-0.11
2.378,-0.065,-0.105
2.379,-0.07,-0.1
2.38,-0.055,-0.095
2.381,-0.085,-0.09
2.382,-0.07,-0.085
2.383,-0.065,-0.085
2.384,-0.045,-0.09
2.385,-0.06,-0.095
2.386,-0.05,-0.105
2.387,-0.045,-0.11
2.388,-0.07,-0.115
2.389,-0.08,-0.12
2.39,-0.075,-0.125
2.391,-0.085,-0.12
2.392,-0.09,-0.115
2.393,-0.07,-0.11
2.394,-0.05,-0.105
2.395,-0.055,-0.095
2.396,-0.045,-0.09
2.397,-0.04,-0.085
2.398,-0.05,-0.085
2.399,-0.075,-0.085
2.4,-0.075,-0.085
2.401,-0.09,-0.09
2.402,-0.09,-0.09
2.403,-0.075,-0.095
2.404,-0.07,-0.095
2.405,-0.06,-0.095
2.406,-0.045,-0.095
2.407,-0.05,-0.095
2.408,-0.065,-0.095
2.409,-0.08,-0.09
2.41,-0.075,-0.09
2.411,-0.075,-0.09
2.412,-0.065,-0.09
2.413,-0.065,-0.09
2.414,-0.065,-0.09
2.415,-0.065,-0.09
2.416,-0.05,-0.095
2.417,-0.065,-0.095
2.418,-0.075,-0.095
2.419,-0.075,-0.1
2.42,-0.075,-0.1
2.421,-0.085,-0.1
2.422,-0.075,-0.1
2.423,-0.06,-0.095
2.424,-0.04,-0.09
2.425,-0.04,-0.085
2.426,-0.03,-0.08
2.427,-0.03,-0.075
2.428,-0.045,-0.065
2.429,-0.055,-0.06
2.43,-0.055,-0.06
2.431,-0.05,-0.055
2.432,-0.045,-0.055
2.433,-0.04,-0.055
2.434,-0.035,-0.055
2.435,-0.015,-0.055
2.436,0,-0.055
2.437,-0.005,-0.05
2.438,-0.015,-0.05
2.439,-0.02,-0.05
2.44,-0.02,-0.045
2.441,-0.015,-0.04
2.442,0,-0.035
2.443,-0.01,-0.035
2.444,0.005,-0.03
2.445,0.01,-0.025
2.446,0.01,-0.025
2.447,-0.005,-0.025
2.448,-0.01,-0.025
2.449,-0.015,-0.025
2.45,-0.015,-0.03
2.451,-0.025,-0.03
2.452,-0.02,-0.035
2.453,-0.01,-0.04
2.454,0.01,-0.04
2.455,0,-0.045
2.456,-0.005,-0.045
2.457,-0.03,-0.05
2.458,-0.045,-0.05
2.459,-0.06,-0.055
2.46,-0.065,-0.06
2.461,-0.08,-0.06
2.462,-0.08,-0.065
2.463,-0.07,-0.07
2.464,-0.065,-0.07
2.465,-0.05,-0.075
2.466,-0.045,-0.075
2.467,-0.06,-0.075
2.468,-0.065,-0.075
2.469,-0.075,-0.08
2.47,-0.09,-0.08
2.471,-0.105,-0.08
2.472,-0.085,-0.08
2.473,-0.065,-0.085
2.474,-0.065,-0.09
2.475,-0.07,-0.09
2.476,-0.055,-0.095
2.477,-0.06,-0.1
2.478,-0.075,-0.1
2.479,-0.095,-0.105
2.48,-0.105,-0.105
2.481,-0.12,-0.105
2.482,-0.11,-0.105
2.483,-0.075,-0.105
2.484,-0.08,-0.105
2.485,-0.07,-0.105
2.486,-0.06,-0.1
2.487,-0.08,-0.1
2.488,-0.095,-0.1
2.489,-0.11,-0.1
2.49,-0.1,-0.1
2.491,-0.09,-0.095
2.492,-0.095,-0.095
2.493,-0.085,-0.09
2.494,-0.075,-0.085
2.495,-0.075,-0.085
2.496,-0.065,-0.085
2.497,-0.08,-0.085
2.498,-0.1,-0.085
2.499,-0.1,-0.085
2.5,-0.1,-0.09
2.501,-0.1,-0.095
2.502,-0.09,-0.095
2.503,-0.09,-0.1
2.504,-0.08,-0.1
2.505,-0.095,-0.105
2.506,-0.09,-0.105
2.507,-0.1,-0.11
2.508,-0.105,-0.115
2.509,-0.125,-0.115
2.51,-0.145,-0.12
2.511,-0.145,-0.115
2.512,-0.115,-0.11
2.513,-0.075,-0.09
2.514,-0.02,-0.065
2.515,0.035,-0.02
2.516,0.09,0.03
2.517,0.12,0.1
2.518,0.18,0.175
2.519,0.245,0.26
2.52,0.325,0.35
2.521,0.425,0.435
2.522,0.555,0.51
2.523,0.64,0.57
2.524,0.65,0.605
2.525,0.645,0.61
2.526,0.595,0.59
2.527,0.52,0.54
2.528,0.425,0.465
2.529,0.335,0.365
2.53,0.245,0.26
2.531,0.13,0.15
2.532,0.02,0.045
2.533,-0.09,-0.04
2.534,-0.165,-0.105
2.535,-0.17,-0.145
2.536,-0.145,-0.165
2.537,-0.125,-0.165
2.538,-0.125,-0.15
2.539,-0.115,-0.135
2.54,-0.105,-0.115
2.541,-0.095,-0.095
2.542,-0.07,-0.085
2.543,-0.06,-0.075
2.544,-0.04,-0.075
2.545,-0.04,-0.075
2.546,-0.035,-0.075
2.547,-0.055,-0.07
2.548,-0.07,-0.07
2.549,-0.085,-0.065
2.55,-0.085,-0.06
2.551,-0.08,-0.055
2.552,-0.065,-0.05
2.553,-0.05,-0.05
2.554,-0.035,-0.05
2.555,-0.025,-0.05
2.556,-0.025,-0.05
2.557,-0.03,-0.05
2.558,-0.025,-0.05
2.559,-0.06,-0.045
2.56,-0.075,-0.045
2.561,-0.07,-0.045
2.562,-0.06,-0.045
2.563,-0.05,-0.045
2.564,-0.05,-0.045
2.565,-0.03,-0.045
2.566,-0.03,-0.045
2.567,-0.04,-0.04
2.568,-0.05,-0.04
2.569,-0.05,-0.035
2.57,-0.06,-0.035
2.571,-0.05,-0.03
2.572,-0.045,-0.03
2.573,-0.03,-0.03
2.574,-0.015,-0.03
2.575,-0.01,-0.03
2.576,-0.03,-0.03
2.577,-0.035,-0.03
2.578,-0.035,-0.03
2.579,-0.04,-0.03
2.58,-0.04,-0.025
2.581,-0.03,-0.02
2.582,-0.015,-0.015
2.583,-0.01,-0.01
2.584,-0.005,-0.005
2.585,0.01,-0.005
2.586,0.005,0
2.587,-0.02,0
2.588,-0.03,0
2.589,-0.04,0
2.59,-0.045,0
2.591,-0.045,0
2.592,-0.02,0
2.593,-0.01,0
2.594,0.005,0.005
2.595,0.02,0.005
2.596,0.015,0.01
2.597,0,0.015
2.598,-0.005,0.015
2.599,-0.015,0.02
2.6,-0.01,0.02
2.601,0.005,0.02
2.602,0.015,0.025
2.603,0.02,0.025
2.604,0.03,0.025
2.605,0.05,0.025
2.606,0.035,0.03
2.607,0.02,0.035
2.608,0.025,0.04
2.609,0.03,0.045
2.61,0.03,0.05
2.611,0.05,0.055
2.612,0.06,0.06
2.613,0.08,0.065
2.614,0.085,0.07
2.615,0.11,0.075
2.616,0.1,0.08
2.617,0.08,0.085
2.618,0.075,0.09
2.619,0.07,0.095
2.62,0.08,0.1
2.621,0.095,0.105
2.622,0.115,0.115
2.623,0.125,0.12
2.624,0.15,0.13
2.625,0.16,0.135
2.626,0.16,0.145
2.627,0.16,0.15
2.628,0.145,0.16
2.629,0.145,0.165
2.63,0.135,0.17
2.631,0.16,0.175
2.632,0.175,0.175
2.633,0.185,0.18
2.634,0.19,0.185
2.635,0.195,0.185
2.636,0.19,0.185
2.637,0.185,0.185
2.638,0.175,0.185
2.639,0.17,0.185
2.64,0.165,0.185
2.641,0.18,0.185
2.642,0.175,0.185
2.643,0.175,0.185
2.644,0.17,0.185
2.645,0.175,0.18
2.646,0.155,0.18
2.647,0.145,0.18
2.648,0.13,0.175
2.649,0.115,0.17
2.65,0.105,0.165
2.651,0.11,0.155
2.652,0.115,0.145
2.653,0.11,0.135
2.654,0.11,0.125
2.655,0.105,0.115
2.656,0.08,0.105
2.657,0.065,0.1
2.658,0.045,0.09
2.659,0.015,0.08
2.66,0.01,0.07
2.661,0.015,0.06
2.662,0.015,0.05
2.663,0.015,0.035
2.664,0,0.025
2.665,0.015,0.015
2.666,0.015,0.005
2.667,-0.02,0
2.668,-0.035,-0.005
2.669,-0.045,-0.005
2.67,-0.04,-0.005
2.671,-0.04,-0.005
2.672,-0.035,-0.005
2.673,-0.04,-0.005
2.674,-0.025,-0.01
2.675,-0.02,-0.015
2.676,-0.045,-0.015
2.677,-0.05,-0.02
2.678,-0.065,-0.025
2.679,-0.07,-0.03
2.68,-0.065,-0.035
2.681,-0.045,-0.035
2.682,-0.045,-0.035
2.683,-0.055,-0.035
2.684,-0.045,-0.03
2.685,-0.045,-0.03
2.686,-0.055,-0.025
2.687,-0.07,-0.025
2.688,-0.08,-0.025
2.689,-0.085,-0.025
2.69,-0.085,-0.03
2.691,-0.085,-0.035
2.692,-0.06,-0.04
2.693,-0.065,-0.045
2.694,-0.045,-0.05
2.695,-0.05,-0.055
2.696,-0.06,-0.06
2.697,-0.075,-0.065
2.698,-0.09,-0.065
2.699,-0.085,-0.06
2.7,-0.07,-0.06
2.701,-0.065,-0.055
2.702,-0.06,-0.05
2.703,-0.04,-0.05
2.704,-0.045,-0.045
2.705,-0.05,-0.04
2.706,-0.055,-0.04
2.707,-0.06,-0.035
2.708,-0.07,-0.035
2.709,-0.08,-0.03
2.71,-0.075,-0.03
2.711,-0.06,-0.03
2.712,-0.065,-0.03
2.713,-0.05,-0.03
2.714,-0.03,-0.035
2.715,-0.04,-0.035
2.716,-0.055,-0.04
2.717,-0.055,-0.04
2.718,-0.055,-0.04
2.719,-0.06,-0.04
2.72,-0.06,-0.035
2.721,-0.045,-0.035
2.722,-0.025,-0.03
2.723,-0.02,-0.025
2.724,-0.01,-0.02
2.725,-0.025,-0.015
2.726,-0.055,-0.015
2.727,-0.06,-0.015
2.728,-0.065,-0.01
2.729,-0.065,-0.01
2.73,-0.055,-0.01
2.731,-0.045,-0.01
2.732,-0.035,-0.01
2.733,-0.025,-0.01
2.734,-0.025,-0.01
2.735,-0.035,-0.01
2.736,-0.05,-0.01
2.737,-0.045,-0.015
2.738,-0.05,-0.02
2.739,-0.055,-0.02
2.74,-0.05,-0.025
2.741,-0.04,-0.025
2.742,-0.025,-0.03
2.743,-0.02,-0.03
2.744,-0.015,-0.025
2.745,-0.02,-0.025
2.746,-0.035,-0.025
2.747,-0.035,-0.025
2.748,-0.045,-0.025
2.749,-0.055,-0.025
2.75,-0.045,-0.025
2.751,-0.035,-0.03
2.752,-0.035,-0.03
2.753,-0.03,-0.035
2.754,-0.025,-0.035
2.755,-0.03,-0.035
2.756,-0.045,-0.035
2.757,-0.04,-0.035
2.758,-0.05,-0.03
2.759,-0.055,-0.025
2.76,-0.06,-0.02
2.761,-0.04,-0.02
2.762,-0.03,-0.015
2.763,-0.03,-0.015
2.764,-0.03,-0.015
2.765,-0.05,-0.015
2.766,-0.055,-0.015
2.767,-0.06,-0.015
2.768,-0.06,-0.02
2.769,-0.07,-0.02
2.77,-0.06,-0.025
2.771,-0.05,-0.025
2.772,-0.045,-0.03
2.773,-0.04,-0.03
2.774,-0.03,-0.03
2.775,-0.04,-0.035
2.776,-0.06,-0.035
2.777,-0.06,-0.04
2.778,-0.065,-0.04
2.779,-0.07,-0.04
2.78,-0.065,-0.04
2.781,-0.055,-0.04
2.782,-0.045,-0.04
2.783,-0.045,-0.04
2.784,-0.045,-0.035
2.785,-0.055,-0.035
2.786,-0.05,-0.03
2.787,-0.055,-0.03
2.788,-0.07,-0.03
2.789,-0.07,-0.03
2.79,-0.065,-0.03
2.791,-0.06,-0.035
2.792,-0.045,-0.04
2.793,-0.04,-0.04
2.794,-0.05,-0.045
2.795,-0.055,-0.045
2.796,-0.05,-0.045
2.797,-0.06,-0.04
2.798,-0.07,-0.04
2.799,-0.07,-0.035
2.8,-0.06,-0.035
2.801,-0.055,-0.035
2.802,-0.055,-0.04
2.803,-0.045,-0.045
2.804,-0.055,-0.055
2.805,-0.065,-0.06
2.806,-0.07,-0.065
2.807,-0.065,-0.065
2.808,-0.075,-0.065
2.809,-0.085,-0.065
2.81,-0.07,-0.06
2.811,-0.06,-0.055
2.812,-0.05,-0.05
2.813,-0.05,-0.045
2.814,-0.045,-0.045
2.815,-0.055,-0.045
2.816,-0.065,-0.045
2.817,-0.055,-0.045
2.818,-0.065,-0.045
2.819,-0.07,-0.05
2.82,-0.055,-0.05
2.821,-0.055,-0.05
2.822,-0.06,-0.05
2.823,-0.04,-0.05
2.824,-0.03,-0.05
2.825,-0.05,-0.05
2.826,-0.065,-0.05
2.827,-0.085,-0.05
2.828,-0.065,-0.05
2.829,-0.07,-0.05
2.83,-0.06,-0.055
2.831,-0.04,-0.055
2.832,-0.045,-0.055
2.833,-0.045,-0.055
2.834,-0.04,-0.055
2.835,-0.055,-0.055
2.836,-0.065,-0.055
2.837,-0.08,-0.055
2.838,-0.09,-0.055
2.839,-0.08,-0.05
2.84,-0.065,-0.05
2.841,-0.05,-0.045
2.842,-0.05,-0.045
2.843,-0.05,-0.045
2.844,-0.055,-0.045
2.845,-0.07,-0.05
2.846,-0.06,-0.05
2.847,-0.065,-0.055
2.848,-0.065,-0.055
2.849,-0.08,-0.06
2.85,-0.065,-0.06
2.851,-0.055,-0.06
2.852,-0.045,-0.06
2.853,-0.045,-0.06
2.854,-0.045,-0.065
2.855,-0.055,-0.065
2.856,-0.065,-0.065
2.857,-0.065,-0.07
2.858,-0.075,-0.07
2.859,-0.075,-0.07
2.86,-0.065,-0.075
2.861,-0.04,-0.07
2.862,-0.04,-0.07
2.863,-0.035,-0.065
2.864,-0.04,-0.06
2.865,-0.045,-0.06
2.866,-0.06,-0.055
2.867,-0.055,-0.055
2.868,-0.075,-0.06
2.869,-0.07,-0.06
2.87,-0.055,-0.065
2.871,-0.035,-0.075
2.872,-0.045,-0.08
2.873,-0.045,-0.085
2.874,-0.055,-0.09
2.875,-0.065,-0.09
2.876,-0.07,-0.085
2.877,-0.075,-0.08
2.878,-0.09,-0.075
2.879,-0.07,-0.07
2.88,-0.055,-0.065
2.881,-0.05,-0.06
2.882,-0.04,-0.06
2.883,-0.04,-0.065
2.884,-0.04,-0.065
2.885,-0.065,-0.07
2.886,-0.06,-0.07
2.887,-0.085,-0.07
2.888,-0.075,-0.07
2.889,-0.075,-0.07
2.89,-0.05,-0.065
2.891,-0.03,-0.06
2.892,-0.01,-0.055
2.893,0,-0.055
2.894,-0.015,-0.055
2.895,-0.025,-0.055
2.896,-0.04,-0.055
2.897,-0.05,-0.05
2.898,-0.045,-0.05
2.899,-0.035,-0.05
2.9,-0.02,-0.045
2.901,-0.01,-0.04
2.902,0,-0.035
2.903,0.02,-0.03
2.904,-0.01,-0.025
2.905,-0.02,-0.02
2.906,-0.01,-0.02
2.907,-0.01,-0.02
2.908,-0.015,-0.02
2.909,0,-0.02
2.91,0.025,-0.02
2.911,0.03,-0.015
2.912,0.04,-0.005
2.913,0.04,0
2.914,0.05,0.015
2.915,0.055,0.025
2.916,0.07,0.035
2.917,0.07,0.045
2.918,0.075,0.055
2.919,0.085,0.065
2.92,0.105,0.07
2.921,0.12,0.075
2.922,0.13,0.08
2.923,0.135,0.085
2.924,0.115,0.09
2.925,0.11,0.09
2.926,0.1,0.095
2.927,0.085,0.1
2.928,0.08,0.1
2.929,0.1,0.1
2.93,0.1,0.1
2.931,0.11,0.095
2.932,0.105,0.09
2.933,0.115,0.085
2.934,0.105,0.08
2.935,0.105,0.075
2.936,0.09,0.075
2.937,0.095,0.075
2.938,0.08,0.075
2.939,0.085,0.08
2.94,0.105,0.085
2.941,0.105,0.085
2.942,0.12,0.09
2.943,0.12,0.09
2.944,0.11,0.09
2.945,0.09,0.09
2.946,0.09,0.09
2.947,0.08,0.09
2.948,0.065,0.085
2.949,0.075,0.085
2.95,0.09,0.085
2.951,0.095,0.085
2.952,0.095,0.08
2.953,0.12,0.08
2.954,0.1,0.08
2.955,0.09,0.075
2.956,0.1,0.075
2.957,0.085,0.07
2.958,0.07,0.07
2.959,0.07,0.07
2.96,0.085,0.07
2.961,0.1,0.07
2.962,0.1,0.07
2.963,0.09,0.07
2.964,0.1,0.07
2.965,0.085,0.07
2.966,0.085,0.07
2.967,0.07,0.065
2.968,0.07,0.065
2.969,0.075,0.06
2.97,0.075,0.055
2.971,0.07,0.055
2.972,0.085,0.05
2.973,0.07,0.045
2.974,0.07,0.04
2.975,0.055,0.035
2.976,0.045,0.03
2.977,0.03,0.03
2.978,0.03,0.03
2.979,0.05,0.04
2.98,0.08,0.06
2.981,0.14,0.085
2.982,0.215,0.13
2.983,0.26,0.18
2.984,0.305,0.25
2.985,0.365,0.325
2.986,0.415,0.415
2.987,0.495,0.505
2.988,0.595,0.595
2.989,0.73,0.675
2.99,0.85,0.74
2.991,0.865,0.78
2.992,0.86,0.795
2.993,0.81,0.775
2.994,0.73,0.725
2.995,0.635,0.645
2.996,0.545,0.545
2.997,0.425,0.43
2.998,0.315,0.31
2.999,0.205,0.195
3,0.09,0.1
3.001,0.01,0.03
3.002,0.01,-0.015
3.003,0.04,-0.035
3.004,0.03,-0.03
3.005,0.04,-0.015
3.006,0.05,0.01
3.007,0.07,0.035
3.008,0.09,0.06
3.009,0.115,0.075
3.01,0.12,0.085
3.011,0.13,0.085
3.012,0.13,0.085
3.013,0.12,0.085
3.014,0.11,0.08
3.015,0.105,0.08
3.016,0.095,0.085
3.017,0.085,0.085
3.018,0.09,0.085
3.019,0.1,0.09
3.02,0.105,0.085
3.021,0.11,0.085
3.022,0.125,0.08
3.023,0.125,0.075
3.024,0.11,0.075
3.025,0.105,0.07
3.026,0.105,0.065
3.027,0.085,0.065
3.028,0.09,0.065
3.029,0.105,0.065
3.03,0.105,0.06
3.031,0.11,0.06
3.032,0.115,0.06
3.033,0.12,0.06
3.034,0.105,0.06
3.035,0.095,0.06
3.036,0.095,0.065
3.037,0.085,0.065
3.038,0.095,0.07
3.039,0.11,0.07
3.04,0.12,0.075
3.041,0.125,0.075
3.042,0.135,0.075
3.043,0.145,0.075
3.044,0.13,0.075
3.045,0.11,0.075
3.046,0.105,0.075
3.047,0.11,0.075
3.048,0.115,0.075
3.049,0.13,0.08
3.05,0.125,0.085
3.051,0.145,0.09
3.052,0.16,0.095
3.053,0.15,0.1
3.054,0.135,0.105
3.055,0.12,0.105
3.056,0.12,0.105
3.057,0.12,0.105
3.058,0.12,0.105
3.059,0.135,0.105
3.06,0.145,0.105
3.061,0.165,0.105
3.062,0.175,0.105
3.063,0.165,0.11
3.064,0.16,0.11
3.065,0.165,0.115
3.066,0.165,0.12
3.067,0.15,0.12
3.068,0.145,0.12
3.069,0.155,0.12
3.07,0.155,0.12
3.071,0.155,0.12
3.072,0.16,0.12
3.073,0.145,0.12
3.074,0.165,0.12
3.075,0.175,0.12
3.076,0.165,0.125
3.077,0.155,0.13
3.078,0.175,0.14
3.079,0.19,0.145
3.08,0.2,0.15
3.081,0.225,0.16
3.082,0.22,0.165
3.083,0.23,0.17
3.084,0.23,0.175
3.085,0.24,0.185
3.086,0.23,0.19
3.087,0.225,0.2
3.088,0.245,0.205
3.089,0.255,0.215
3.09,0.26,0.22
3.091,0.29,0.23
3.092,0.285,0.235
3.093,0.27,0.24
3.094,0.265,0.245
3.095,0.295,0.25
3.096,0.315,0.255
3.097,0.3,0.255
3.098,0.3,0.26
3.099,0.3,0.26
3.1,0.31,0.265
3.101,0.325,0.27
3.102,0.32,0.27
3.103,0.325,0.275
3.104,0.315,0.275
3.105,0.315,0.28
3.106,0.305,0.28
3.107,0.3,0.285
3.108,0.305,0.285
3.109,0.315,0.285
3.11,0.31,0.285
3.111,0.31,0.28
3.112,0.305,0.275
3.113,0.295,0.27
3.114,0.285,0.26
3.115,0.27,0.245
3.116,0.24,0.235
3.117,0.225,0.22
3.118,0.22,0.21
3.119,0.22,0.195
3.12,0.22,0.185
3.121,0.21,0.175
3.122,0.195,0.165
3.123,0.165,0.15
3.124,0.15,0.14
3.125,0.14,0.125
3.126,0.135,0.11
3.127,0.1,0.095
3.128,0.1,0.085
3.129,0.095,0.07
3.13,0.12,0.065
3.131,0.105,0.055
3.132,0.1,0.05
3.133,0.08,0.045
3.134,0.05,0.04
3.135,0.035,0.035
3.136,0.025,0.025
3.137,0.015,0.015
3.138,0.005,0.005
3.139,0.02,-0.01
3.14,0.02,-0.02
3.141,0.02,-0.03
3.142,0.03,-0.035
3.143,0.015,-0.04
3.144,-0.01,-0.045
3.145,-0.035,-0.045
3.146,-0.03,-0.045
3.147,-0.02,-0.04
3.148,-0.015,-0.045
3.149,-0.01,-0.045
3.15,0,-0.045
3.151,0.005,-0.05
3.152,0.005,-0.055
3.153,-0.02,-0.06
3.154,-0.03,-0.06
3.155,-0.045,-0.06
3.156,-0.04,-0.06
3.157,-0.035,-0.06
3.158,-0.03,-0.06
3.159,-0.03,-0.06
3.16,-0.015,-0.06
3.161,-0.015,-0.065
3.162,-0.01,-0.07
3.163,-0.035,-0.07
3.164,-0.045,-0.075
3.165,-0.045,-0.08
3.166,-0.055,-0.08
3.167,-0.055,-0.08
3.168,-0.03,-0.08
3.169,-0.025,-0.08
3.17,-0.025,-0.075
3.171,-0.03,-0.075
3.172,-0.04,-0.07
3.173,-0.055,-0.07
3.174,-0.065,-0.07
3.175,-0.07,-0.07
3.176,-0.075,-0.075
3.177,-0.07,-0.075
3.178,-0.055,-0.075
3.179,-0.035,-0.075
3.18,-0.03,-0.075
3.181,-0.025,-0.075
3.182,-0.04,-0.075
3.183,-0.055,-0.075
3.184,-0.07,-0.08
3.185,-0.09,-0.085
3.186,-0.085,-0.085
3.187,-0.065,-0.09
3.188,-0.06,-0.095
3.189,-0.045,-0.095
3.19,-0.045,-0.1
3.191,-0.03,-0.095
3.192,-0.04,-0.095
3.193,-0.055,-0.09
3.194,-0.06,-0.09
3.195,-0.06,-0.085
3.196,-0.07,-0.085
3.197,-0.055,-0.085
3.198,-0.05,-0.085
3.199,-0.035,-0.085
3.2,-0.03,-0.08
3.201,-0.025,-0.08
3.202,-0.03,-0.08
3.203,-0.045,-0.075
3.204,-0.05,-0.075
3.205,-0.06,-0.075
3.206,-0.065,-0.07
3.207,-0.055,-0.07
3.208,-0.045,-0.075
3.209,-0.035,-0.075
3.21,-0.035,-0.08
3.211,-0.03,-0.085
3.212,-0.05,-0.09
3.213,-0.05,-0.09
3.214,-0.045,-0.095
3.215,-0.05,-0.095
3.216,-0.055,-0.095
3.217,-0.04,-0.095
3.218,-0.03,-0.09
3.219,-0.045,-0.09
3.22,-0.04,-0.085
3.221,-0.055,-0.085
3.222,-0.075,-0.085
3.223,-0.095,-0.085
3.224,-0.1,-0.09
3.225,-0.095,-0.095
3.226,-0.09,-0.1
3.227,-0.08,-0.105
3.228,-0.08,-0.11
3.229,-0.05,-0.11
3.23,-0.045,-0.115
3.231,-0.05,-0.115
3.232,-0.05,-0.115
3.233,-0.07,-0.11
3.234,-0.08,-0.11
3.235,-0.085,-0.105
3.236,-0.095,-0.1
3.237,-0.075,-0.1
3.238,-0.065,-0.095
3.239,-0.05,-0.095
3.24,-0.045,-0.095
3.241,-0.05,-0.1
3.242,-0.055,-0.1
3.243,-0.075,-0.1
3.244,-0.08,-0.1
3.245,-0.09,-0.1
3.246,-0.09,-0.1
3.247,-0.08,-0.1
3.248,-0.08,-0.1
3.249,-0.075,-0.1
3.25,-0.075,-0.105
3.251,-0.06,-0.105
3.252,-0.075,-0.11
3.253,-0.09,-0.115
3.254,-0.09,-0.12
3.255,-0.085,-0.125
3.256,-0.095,-0.13
3.257,-0.095,-0.13
3.258,-0.08,-0.13
3.259,-0.085,-0.135
3.26,-0.09,-0.135
3.261,-0.08,-0.135
3.262,-0.085,-0.13
3.263,-0.1,-0.13
3.264,-0.13,-0.13
3.265,-0.115,-0.125
3.266,-0.115,-0.125
3.267,-0.095,-0.12
3.268,-0.09,-0.12
3.269,-0.09,-0.12
3.27,-0.08,-0.12
3.271,-0.08,-0.125
3.272,-0.085,-0.125
3.273,-0.08,-0.13
3.274,-0.105,-0.135
3.275,-0.115,-0.145
3.276,-0.115,-0.145
3.277,-0.11,-0.15
3.278,-0.095,-0.15
3.279,-0.09,-0.15
3.28,-0.08,-0.145
3.281,-0.08,-0.14
3.282,-0.085,-0.14
3.283,-0.095,-0.135
3.284,-0.1,-0.135
3.285,-0.115,-0.13
3.286,-0.12,-0.13
3.287,-0.11,-0.13
3.288,-0.115,-0.13
3.289,-0.095,-0.13
3.29,-0.08,-0.13
3.291,-0.08,-0.13
3.292,-0.085,-0.13
3.293,-0.1,-0.13
3.294,-0.115,-0.13
3.295,-0.105,-0.13
3.296,-0.115,-0.13
3.297,-0.11,-0.13
3.298,-0.115,-0.13
3.299,-0.1,-0.13
3.3,-0.1,-0.13
3.301,-0.095,-0.125
3.302,-0.095,-0.125
3.303,-0.11,-0.12
3.304,-0.11,-0.12
3.305,-0.12,-0.12
3.306,-0.105,-0.12
3.307,-0.085,-0.125
3.308,-0.09,-0.125
3.309,-0.08,-0.13
3.31,-0.095,-0.13
3.311,-0.095,-0.13
3.312,-0.1,-0.13
3.313,-0.125,-0.13
3.314,-0.12,-0.125
3.315,-0.125,-0.12
3.316,-0.1,-0.115
3.317,-0.09,-0.11
3.318,-0.105,-0.11
3.319,-0.105,-0.105
3.32,-0.085,-0.105
3.321,-0.08,-0.105
3.322,-0.09,-0.105
3.323,-0.11,-0.105
3.324,-0.1,-0.11
3.325,-0.105,-0.11
3.326,-0.12,-0.11
3.327,-0.1,-0.115
3.328,-0.095,-0.115
3.329,-0.085,-0.115
3.33,-0.085,-0.115
3.331,-0.085,-0.115
3.332,-0.095,-0.11
3.333,-0.11,-0.105
3.334,-0.11,-0.1
3.335,-0.115,-0.095
3.336,-0.11,-0.09
3.337,-0.075,-0.09
3.338,-0.07,-0.09
3.339,-0.065,-0.09
3.34,-0.055,-0.09
3.341,-0.045,-0.095
3.342,-0.07,-0.095
3.343,-0.08,-0.095
3.344,-0.08,-0.095
3.345,-0.08,-0.095
3.346,-0.085,-0.09
3.347,-0.08,-0.085
3.348,-0.07,-0.085
3.349,-0.07,-0.085
3.35,-0.055,-0.085
3.351,-0.045,-0.085
3.352,-0.055,-0.085
3.353,-0.065,-0.08
3.354,-0.065,-0.08
3.355,-0.065,-0.075
3.356,-0.045,-0.065
3.357,-0.05,-0.06
3.358,-0.025,-0.05
3.359,-0.04,-0.04
3.36,-0.01,-0.035
3.361,-0.035,-0.03
3.362,-0.04,-0.025
3.363,-0.05,-0.025
3.364,-0.055,-0.025
3.365,-0.065,-0.03
3.366,-0.055,-0.035
3.367,-0.045,-0.04
3.368,-0.045,-0.05
3.369,-0.05,-0.06
3.37,-0.035,-0.065
3.371,-0.075,-0.075
3.372,-0.095,-0.08
3.373,-0.095,-0.09
3.374,-0.1,-0.095
3.375,-0.115,-0.1
3.376,-0.125,-0.1
3.377,-0.11,-0.105
3.378,-0.08,-0.105
3.379,-0.105,-0.11
3.38,-0.11,-0.115
3.381,-0.115,-0.115
3.382,-0.115,-0.12
3.383,-0.11,-0.125
3.384,-0.11,-0.125
3.385,-0.13,-0.125
3.386,-0.12,-0.125
3.387,-0.1,-0.12
3.388,-0.12,-0.115
3.389,-0.095,-0.115
3.39,-0.095,-0.11
3.391,-0.11,-0.105
3.392,-0.11,-0.105
3.393,-0.115,-0.105
3.394,-0.125,-0.105
3.395,-0.135,-0.11
3.396,-0.135,-0.11
3.397,-0.115,-0.115
3.398,-0.11,-0.12
3.399,-0.115,-0.12
3.4,-0.105,-0.125
3.401,-0.125,-0.13
3.402,-0.135,-0.13
3.403,-0.13,-0.135
3.404,-0.13,-0.135
3.405,-0.135,-0.13
3.406,-0.13,-0.13
3.407,-0.11,-0.125
3.408,-0.105,-0.12
3.409,-0.1,-0.12
3.41,-0.11,-0.115
3.411,-0.115,-0.115
3.412,-0.135,-0.115
3.413,-0.135,-0.12
3.414,-0.135,-0.125
3.415,-0.135,-0.13
3.416,-0.155,-0.13
3.417,-0.145,-0.135
3.418,-0.13,-0.135
3.419,-0.13,-0.135
3.42,-0.14,-0.135
3.421,-0.16,-0.135
3.422,-0.185,-0.135
3.423,-0.175,-0.13
3.424,-0.165,-0.125
3.425,-0.125,-0.11
3.426,-0.06,-0.08
3.427,-0.005,-0.04
3.428,0.045,0.015
3.429,0.105,0.085
3.43,0.18,0.17
3.431,0.245,0.255
3.432,0.33,0.345
3.433,0.435,0.425
3.434,0.515,0.49
3.435,0.555,0.53
3.436,0.555,0.55
3.437,0.525,0.54
3.438,0.48,0.5
3.439,0.415,0.44
3.44,0.36,0.355
3.441,0.255,0.26
3.442,0.135,0.16
3.443,-0.01,0.06
3.444,-0.115,-0.03
3.445,-0.195,-0.1
3.446,-0.215,-0.155
3.447,-0.215,-0.19
3.448,-0.19,-0.205
3.449,-0.165,-0.2
3.45,-0.16,-0.185
3.451,-0.15,-0.16
3.452,-0.125,-0.13
3.453,-0.105,-0.105
3.454,-0.11,-0.085
3.455,-0.09,-0.075
3.456,-0.09,-0.065
3.457,-0.08,-0.065
3.458,-0.08,-0.065
3.459,-0.08,-0.065
3.46,-0.085,-0.065
3.461,-0.09,-0.06
3.462,-0.105,-0.06
3.463,-0.115,-0.06
3.464,-0.115,-0.06
3.465,-0.115,-0.065
3.466,-0.095,-0.07
3.467,-0.095,-0.075
3.468,-0.095,-0.08
3.469,-0.075,-0.085
3.47,-0.085,-0.085
3.471,-0.095,-0.085
3.472,-0.095,-0.08
3.473,-0.09,-0.075
3.474,-0.105,-0.065
3.475,-0.09,-0.06
3.476,-0.065,-0.055
3.477,-0.075,-0.05
3.478,-0.075,-0.05
3.479,-0.065,-0.05
3.48,-0.06,-0.05
3.481,-0.07,-0.055
3.482,-0.09,-0.055
3.483,-0.095,-0.055
3.484,-0.1,-0.055
3.485,-0.09,-0.055
3.486,-0.065,-0.05
3.487,-0.06,-0.05
3.488,-0.055,-0.045
3.489,-0.03,-0.045
3.49,-0.055,-0.045
3.491,-0.07,-0.045
3.492,-0.07,-0.045
3.493,-0.075,-0.045
3.494,-0.07,-0.045
3.495,-0.07,-0.045
3.496,-0.06,-0.045
3.497,-0.055,-0.045
3.498,-0.05,-0.04
3.499,-0.04,-0.04
3.5,-0.055,-0.035
3.501,-0.05,-0.03
3.502,-0.045,-0.02
3.503,-0.055,-0.015
3.504,-0.06,-0.01
3.505,-0.04,-0.005
3.506,-0.03,0
3.507,-0.03,0
3.508,-0.02,0.005
3.509,-0.02,0.005
3.51,-0.035,0.01
3.511,-0.035,0.01
3.512,-0.035,0.015
3.513,-0.035,0.02
3.514,-0.04,0.02
3.515,-0.035,0.025
3.516,-0.005,0.03
3.517,0.02,0.03
3.518,0.02,0.035
3.519,0.02,0.035
3.52,0.01,0.03
3.521,0.015,0.03
3.522,0.01,0.03
3.523,0.01,0.03
3.524,0.015,0.035
3.525,0.02,0.04
3.526,0.025,0.045
3.527,0.02,0.055
3.528,0.035,0.065
3.529,0.055,0.075
3.53,0.065,0.085
3.531,0.055,0.095
3.532,0.06,0.1
3.533,0.06,0.11
3.534,0.07,0.115
3.535,0.1,0.12
3.536,0.115,0.125
3.537,0.115,0.13
3.538,0.105,0.135
3.539,0.125,0.14
3.54,0.125,0.145
3.541,0.115,0.15
3.542,0.105,0.155
3.543,0.115,0.16
3.544,0.11,0.16
3.545,0.125,0.16
3.546,0.125,0.16
3.547,0.13,0.16
3.548,0.145,0.16
3.549,0.15,0.16
3.55,0.135,0.16
3.551,0.13,0.165
3.552,0.13,0.165
3.553,0.115,0.17
3.554,0.11,0.175
3.555,0.13,0.175
3.556,0.135,0.18
3.557,0.135,0.175
3.558,0.13,0.175
3.559,0.13,0.17
3.56,0.115,0.165
3.561,0.085,0.155
3.562,0.075,0.15
3.563,0.065,0.14
3.564,0.06,0.13
3.565,0.055,0.12
3.566,0.05,0.11
3.567,0.03,0.1
3.568,0.04,0.09
3.569,0.03,0.08
3.57,0.02,0.07
3.571,-0.015,0.06
3.572,-0.025,0.055
3.573,-0.03,0.05
3.574,-0.03,0.045
3.575,-0.03,0.04
3.576,-0.03,0.035
3.577,-0.03,0.03
3.578,-0.02,0.025
3.579,-0.04,0.02
3.58,-0.05,0.01
3.581,-0.075,0
3.582,-0.085,-0.01
3.583,-0.08,-0.02
3.584,-0.08,-0.025
3.585,-0.065,-0.03
3.586,-0.07,-0.035
3.587,-0.065,-0.04
3.588,-0.055,-0.04
3.589,-0.075,-0.04
3.59,-0.09,-0.04
3.591,-0.115,-0.035
3.592,-0.1,-0.035
3.593,-0.11,-0.035
3.594,-0.115,-0.04
3.595,-0.105,-0.04
3.596,-0.095,-0.04
3.597,-0.09,-0.045
3.598,-0.075,-0.05
3.599,-0.06,-0.05
3.6,-0.095,-0.05
3.601,-0.1,-0.055
3.602,-0.125,-0.055
3.603,-0.115,-0.055
3.604,-0.115,-0.055
3.605,-0.1,-0.055
3.606,-0.1,-0.055
3.607,-0.1,-0.05
3.608,-0.09,-0.05
3.609,-0.09,-0.05
3.61,-0.1,-0.045
3.611,-0.11,-0.045
3.612,-0.105,-0.045
3.613,-0.115,-0.045
3.614,-0.105,-0.04
3.615,-0.09,-0.04
3.616,-0.08,-0.04
3.617,-0.075,-0.04
3.618,-0.075,-0.04
3.619,-0.095,-0.04
3.62,-0.1,-0.04
3.621,-0.105,-0.04
3.622,-0.12,-0.035
3.623,-0.12,-0.035
3.624,-0.115,-0.035
3.625,-0.095,-0.035
3.626,-0.095,-0.04
3.627,-0.09,-0.04
3.628,-0.07,-0.04
3.629,-0.095,-0.045
3.63,-0.095,-0.045
3.631,-0.09,-0.045
3.632,-0.105,-0.045
3.633,-0.11,-0.045
3.634,-0.09,-0.04
3.635,-0.07,-0.035
3.636,-0.07,-0.035
3.637,-0.07,-0.03
3.638,-0.07,-0.025
3.639,-0.085,-0.025
3.64,-0.1,-0.02
3.641,-0.1,-0.02
3.642,-0.1,-0.02
3.643,-0.11,-0.025
3.644,-0.11,-0.025
3.645,-0.09,-0.03
3.646,-0.09,-0.035
3.647,-0.07,-0.035
3.648,-0.07,-0.04
3.649,-0.075,-0.04
3.65,-0.095,-0.04
3.651,-0.11,-0.04
3.652,-0.1,-0.035
3.653,-0.1,-0.035
3.654,-0.095,-0.025
3.655,-0.095,-0.02
3.656,-0.08,-0.015
3.657,-0.075,-0.015
3.658,-0.05,-0.015
3.659,-0.065,-0.015
3.66,-0.085,-0.015
3.661,-0.09,-0.02
3.662,-0.11,-0.025
3.663,-0.115,-0.03
3.664,-0.1,-0.03
3.665,-0.095,-0.035
3.666,-0.085,-0.035
3.667,-0.065,-0.03
3.668,-0.06,-0.03
3.669,-0.065,-0.03
3.67,-0.095,-0.025
3.671,-0.12,-0.025
3.672,-0.1,-0.025
3.673,-0.1,-0.025
3.674,-0.105,-0.025
3.675,-0.085,-0.025
3.676,-0.075,-0.025
3.677,-0.075,-0.025
3.678,-0.07,-0.03
3.679,-0.085,-0.03
3.68,-0.1,-0.03
3.681,-0.115,-0.035
3.682,-0.12,-0.035
3.683,-0.115,-0.04
3.684,-0.1,-0.04
3.685,-0.08,-0.045
3.686,-0.09,-0.045
3.687,-0.09,-0.045
3.688,-0.07,-0.045
3.689,-0.095,-0.045
3.69,-0.115,-0.045
3.691,-0.115,-0.045
3.692,-0.115,-0.05
3.693,-0.12,-0.05
3.694,-0.115,-0.05
3.695,-0.095,-0.05
3.696,-0.1,-0.05
3.697,-0.095,-0.05
3.698,-0.075,-0.045
3.699,-0.095,-0.045
3.7,-0.11,-0.04
3.701,-0.125,-0.04
3.702,-0.12,-0.04
3.703,-0.1,-0.04
3.704,-0.115,-0.04
3.705,-0.11,-0.045
3.706,-0.1,-0.045
3.707,-0.08,-0.045
3.708,-0.095,-0.045
3.709,-0.095,-0.045
3.71,-0.11,-0.04
3.711,-0.13,-0.035
3.712,-0.12,-0.03
3.713,-0.125,-0.03
3.714,-0.12,-0.025
3.715,-0.11,-0.025
3.716,-0.105,-0.025
3.717,-0.095,-0.03
3.718,-0.1,-0.03
3.719,-0.105,-0.035
3.72,-0.12,-0.04
3.721,-0.12,-0.04
3.722,-0.125,-0.045
3.723,-0.12,-0.04
3.724,-0.105,-0.04
3.725,-0.095,-0.035
3.726,-0.095,-0.03
3.727,-0.09,-0.03
3.728,-0.1,-0.03
3.729,-0.105,-0.03
3.73,-0.115,-0.035
3.731,-0.115,-0.04
3.732,-0.14,-0.045
3.733,-0.135,-0.055
3.734,-0.12,-0.06
3.735,-0.12,-0.065
3.736,-0.11,-0.07
3.737,-0.105,-0.07
3.738,-0.095,-0.07
3.739,-0.115,-0.065
3.74,-0.13,-0.06
3.741,-0.13,-0.055
3.742,-0.115,-0.05
3.743,-0.125,-0.045
3.744,-0.105,-0.045
3.745,-0.105,-0.04
3.746,-0.095,-0.04
3.747,-0.095,-0.035
3.748,-0.11,-0.035
3.749,-0.105,-0.035
3.75,-0.105,-0.035
3.751,-0.115,-0.035
3.752,-0.135,-0.035
3.753,-0.145,-0.04
3.754,-0.115,-0.04
3.755,-0.1,-0.045
3.756,-0.11,-0.045
3.757,-0.095,-0.05
3.758,-0.095,-0.05
3.759,-0.11,-0.05
3.76,-0.115,-0.05
3.761,-0.12,-0.05
3.762,-0.13,-0.05
3.763,-0.14,-0.05
3.764,-0.125,-0.05
3.765,-0.115,-0.05
3.766,-0.1,-0.05
3.767,-0.1,-0.05
3.768,-0.11,-0.05
3.769,-0.105,-0.05
3.77,-0.105,-0.055
3.771,-0.1,-0.055
3.772,-0.125,-0.05
3.773,-0.105,-0.045
3.774,-0.08,-0.04
3.775,-0.08,-0.035
3.776,-0.06,-0.025
3.777,-0.065,-0.015
3.778,-0.065,-0.01
3.779,-0.08,-0.005
3.78,-0.095,-0.005
3.781,-0.1,-0.01
3.782,-0.11,-0.01
3.783,-0.105,-0.015
3.784,-0.075,-0.02
3.785,-0.05,-0.025
3.786,-0.05,-0.03
3.787,-0.045,-0.025
3.788,-0.05,-0.02
3.789,-0.065,-0.015
3.79,-0.07,-0.005
3.791,-0.055,0.005
3.792,-0.065,0.01
3.793,-0.055,0.02
3.794,-0.06,0.02
3.795,-0.04,0.025
3.796,-0.035,0.025
3.797,-0.03,0.02
3.798,-0.045,0.02
3.799,-0.06,0.015
3.8,-0.065,0.015
3.801,-0.065,0.015
3.802,-0.075,0.01
3.803,-0.075,0.01
3.804,-0.075,0.005
3.805,-0.075,0
3.806,-0.05,-0.01
3.807,-0.07,-0.02
3.808,-0.095,-0.03
3.809,-0.095,-0.04
3.81,-0.11,-0.05
3.811,-0.115,-0.055
3.812,-0.135,-0.06
3.813,-0.11,-0.06
3.814,-0.105,-0.06
3.815,-0.115,-0.06
3.816,-0.105,-0.055
3.817,-0.1,-0.055
3.818,-0.105,-0.055
3.819,-0.115,-0.055
3.82,-0.135,-0.055
3.821,-0.14,-0.055
3.822,-0.13,-0.06
3.823,-0.13,-0.06
3.824,-0.12,-0.06
3.825,-0.115,-0.06
3.826,-0.1,-0.06
3.827,-0.095,-0.06
3.828,-0.105,-0.06
3.829,-0.12,-0.06
3.83,-0.12,-0.06
3.831,-0.12,-0.065
3.832,-0.15,-0.07
3.833,-0.13,-0.07
3.834,-0.12,-0.075
3.835,-0.115,-0.075
3.836,-0.135,-0.08
3.837,-0.12,-0.075
3.838,-0.11,-0.075
3.839,-0.11,-0.07
3.84,-0.115,-0.07
3.841,-0.13,-0.065
3.842,-0.135,-0.065
3.843,-0.135,-0.065
3.844,-0.125,-0.065
3.845,-0.105,-0.065
3.846,-0.11,-0.065
3.847,-0.11,-0.065
3.848,-0.135,-0.065
3.849,-0.135,-0.07
3.85,-0.15,-0.07
3.851,-0.16,-0.08
3.852,-0.16,-0.085
3.853,-0.145,-0.095
3.854,-0.15,-0.1
3.855,-0.17,-0.105
3.856,-0.15,-0.105
3.857,-0.135,-0.1
3.858,-0.115,-0.085
3.859,-0.08,-0.055
3.86,-0.04,-0.02
3.861,0,0.03
3.862,0.03,0.09
3.863,0.095,0.15
3.864,0.155,0.22
3.865,0.24,0.29
3.866,0.345,0.355
3.867,0.415,0.415
3.868,0.5,0.46
3.869,0.485,0.49
3.87,0.465,0.495
3.871,0.395,0.485
3.872,0.35,0.445
3.873,0.285,0.385
3.874,0.24,0.305
3.875,0.175,0.215
3.876,0.085,0.12
3.877,-0.025,0.03
3.878,-0.135,-0.05
3.879,-0.22,-0.11
3.88,-0.225,-0.15
3.881,-0.205,-0.165
3.882,-0.18,-0.16
3.883,-0.15,-0.145
3.884,-0.135,-0.12
3.885,-0.11,-0.09
3.886,-0.095,-0.07
3.887,-0.085,-0.055
3.888,-0.075,-0.045
3.889,-0.095,-0.05
3.89,-0.105,-0.055
3.891,-0.125,-0.06
3.892,-0.12,-0.065
3.893,-0.12,-0.065
3.894,-0.11,-0.06
3.895,-0.095,-0.055
3.896,-0.08,-0.045
3.897,-0.075,-0.04
3.898,-0.085,-0.035
3.899,-0.1,-0.04
3.9,-0.12,-0.045
3.901,-0.125,-0.055
3.902,-0.11,-0.065
3.903,-0.12,-0.07
3.904,-0.115,-0.08
3.905,-0.1,-0.08
3.906,-0.09,-0.08
3.907,-0.085,-0.075
3.908,-0.1,-0.065
3.909,-0.1,-0.06
3.91,-0.09,-0.05
3.911,-0.095,-0.045
3.912,-0.085,-0.045
3.913,-0.09,-0.04
3.914,-0.09,-0.045
3.915,-0.085,-0.045
3.916,-0.065,-0.045
3.917,-0.075,-0.045
3.918,-0.08,-0.045
3.919,-0.075,-0.045
3.92,-0.08,-0.04
3.921,-0.1,-0.035
3.922,-0.09,-0.035
3.923,-0.07,-0.03
3.924,-0.055,-0.03
3.925,-0.065,-0.03
3.926,-0.065,-0.03
3.927,-0.06,-0.025
3.928,-0.035,-0.015
3.929,-0.025,-0.005
3.93,-0.015,0.005
3.931,0,0.02
3.932,0.015,0.035
3.933,0.04,0.05
3.934,0.04,0.07
3.935,0.075,0.08
3.936,0.085,0.09
3.937,0.085,0.1
3.938,0.09,0.11
3.939,0.095,0.115
3.94,0.07,0.125
3.941,0.08,0.13
3.942,0.1,0.135
3.943,0.1,0.14
3.944,0.12,0.145
3.945,0.135,0.145
3.946,0.145,0.15
3.947,0.125,0.15
3.948,0.135,0.155
3.949,0.13,0.16
3.95,0.115,0.17
3.951,0.135,0.175
3.952,0.145,0.185
3.953,0.18,0.195
3.954,0.19,0.205
3.955,0.175,0.21
3.956,0.185,0.215
3.957,0.19,0.22
3.958,0.18,0.22
3.959,0.185,0.215
3.96,0.18,0.215
3.961,0.185,0.215
3.962,0.195,0.22
3.963,0.215,0.225
3.964,0.21,0.235
3.965,0.22,0.245
3.966,0.25,0.26
3.967,0.255,0.27
3.968,0.25,0.28
3.969,0.26,0.29
3.97,0.245,0.3
3.971,0.26,0.305
3.972,0.26,0.31
3.973,0.285,0.31
3.974,0.275,0.315
3.975,0.305,0.315
3.976,0.305,0.32
3.977,0.295,0.32
3.978,0.29,0.325
3.979,0.27,0.325
3.98,0.275,0.325
3.981,0.28,0.325
3.982,0.285,0.325
3.983,0.295,0.32
3.984,0.32,0.32
3.985,0.29,0.32
3.986,0.32,0.32
3.987,0.305,0.32
3.988,0.3,0.325
3.989,0.28,0.325
3.99,0.26,0.325
3.991,0.27,0.325
3.992,0.26,0.32
3.993,0.27,0.315
3.994,0.27,0.31
3.995,0.265,0.3
3.996,0.265,0.29
3.997,0.24,0.275
3.998,0.215,0.265
3.999,0.225,0.255
4,0.21,0.245
4.001,0.18,0.235
4.002,0.175,0.23
4.003,0.17,0.22
4.004,0.17,0.21
4.005,0.185,0.2
4.006,0.16,0.19
4.007,0.145,0.18
4.008,0.125,0.17
4.009,0.115,0.16
4.01,0.1,0.155
4.011,0.11,0.15
4.012,0.105,0.145
4.013,0.1,0.14
4.014,0.13,0.135
4.015,0.11,0.13
4.016,0.105,0.13
4.017,0.085,0.125
4.018,0.07,0.12
4.019,0.065,0.115
4.02,0.065,0.115
4.021,0.06,0.11
4.022,0.075,0.11
4.023,0.075,0.11
4.024,0.07,0.105
4.025,0.065,0.105
4.026,0.065,0.105
4.027,0.06,0.1
4.028,0.045,0.095
4.029,0.035,0.09
4.03,0.035,0.08
4.031,0.02,0.075
4.032,0.035,0.07
4.033,0.05,0.065
4.034,0.05,0.065
4.035,0.07,0.065
4.036,0.07,0.07
4.037,0.05,0.075
4.038,0.05,0.08
4.039,0.04,0.085
4.04,0.03,0.085
4.041,0.035,0.085
4.042,0.05,0.08
4.043,0.05,0.075
4.044,0.07,0.07
4.045,0.08,0.065
4.046,0.055,0.06
4.047,0.045,0.06
4.048,0.04,0.06
4.049,0.03,0.06
4.05,0.04,0.065
4.051,0.02,0.065
4.052,0.04,0.065
4.053,0.05,0.065
4.054,0.05,0.065
4.055,0.06,0.065
4.056,0.045,0.065
4.057,0.035,0.06
4.058,0.035,0.06
4.059,0.025,0.06
4.06,0.025,0.06
4.061,0.03,0.06
4.062,0.04,0.06
4.063,0.05,0.06
4.064,0.055,0.06
4.065,0.065,0.055
4.066,0.05,0.055
4.067,0.045,0.055
4.068,0.03,0.055
4.069,0.02,0.05
4.07,0.015,0.05
4.071,0.01,0.05
4.072,0.015,0.05
4.073,0.03,0.05
4.074,0.04,0.05
4.075,0.05,0.045
4.076,0.04,0.045
4.077,0.025,0.045
4.078,0.02,0.04
4.079,0.005,0.04
4.08,0.01,0.04
4.081,0.01,0.04
4.082,0.03,0.04
4.083,0.035,0.04
4.084,0.045,0.04
4.085,0.035,0.04
4.086,0.035,0.035
4.087,0.015,0.035
4.088,0.01,0.03
4.089,0,0.03
4.09,-0.01,0.025
4.091,-0.005,0.02
4.092,0.015,0.02
4.093,0.015,0.015
4.094,0.01,0.015
4.095,0.025,0.02
4.096,0.015,0.02
4.097,0.005,0.02
4.098,-0.015,0.025
4.099,0.01,0.025
4.1,0.005,0.025
4.101,-0.005,0.025
4.102,0.005,0.02
4.103,0.01,0.015
4.104,0.02,0.01
4.105,0,0.005
4.106,0.01,0
4.107,-0.015,-0.005
4.108,-0.04,-0.005
4.109,-0.045,-0.01
4.11,-0.05,-0.01
4.111,-0.03,-0.01
4.112,-0.015,-0.005
4.113,-0.005,-0.005
4.114,0.01,-0.005
4.115,-0.03,-0.005
4.116,0,-0.005
4.117,-0.01,-0.005
4.118,-0.01,-0.01
4.119,-0.03,-0.01
4.12,-0.025,-0.01
4.121,-0.04,-0.015
4.122,-0.035,-0.015
4.123,-0.01,-0.02
4.124,-0.005,-0.02
4.125,-0.02,-0.02
4.126,-0.03,-0.02
4.127,-0.04,-0.02
4.128,-0.03,-0.02
4.129,-0.045,-0.015
4.13,-0.06,-0.015
4.131,-0.02,-0.015
4.132,0,-0.015
4.133,-0.025,-0.015
4.134,-0.02,-0.02
4.135,0.015,-0.02
4.136,-0.035,-0.02
4.137,-0.04,-0.025
4.138,-0.06,-0.03
4.139,-0.05,-0.03
4.14,-0.035,-0.035
4.141,-0.05,-0.04
4.142,-0.035,-0.045
4.143,-0.05,-0.05
4.144,-0.04,-0.05
4.145,-0.03,-0.05
4.146,-0.03,-0.045
4.147,-0.05,-0.04
4.148,-0.045,-0.035
4.149,-0.06,-0.03
4.15,-0.08,-0.025
4.151,-0.045,-0.025
4.152,-0.04,-0.025
4.153,-0.045,-0.03
4.154,-0.04,-0.04
4.155,-0.03,-0.05
4.156,-0.065,-0.06
4.157,-0.065,-0.065
4.158,-0.055,-0.07
4.159,-0.07,-0.075
4.16,-0.075,-0.07
4.161,-0.07,-0.065
4.162,-0.055,-0.06
4.163,-0.055,-0.05
4.164,-0.06,-0.045
4.165,-0.05,-0.045
4.166,-0.065,-0.045
4.167,-0.075,-0.045
4.168,-0.075,-0.05
4.169,-0.085,-0.055
4.17,-0.095,-0.06
4.171,-0.08,-0.065
4.172,-0.07,-0.07
4.173,-0.07,-0.075
4.174,-0.065,-0.08
4.175,-0.075,-0.08
4.176,-0.075,-0.085
4.177,-0.08,-0.085
4.178,-0.075,-0.085
4.179,-0.1,-0.085
4.18,-0.085,-0.085
4.181,-0.08,-0.085
4.182,-0.075,-0.085
4.183,-0.055,-0.08
4.184,-0.06,-0.075
4.185,-0.08,-0.07
4.186,-0.09,-0.07
4.187,-0.105,-0.065
4.188,-0.11,-0.065
4.189,-0.11,-0.07
4.19,-0.1,-0.07
4.191,-0.075,-0.07
4.192,-0.065,-0.07
4.193,-0.055,-0.07
4.194,-0.05,-0.07
4.195,-0.055,-0.065
4.196,-0.075,-0.06
4.197,-0.065,-0.055
4.198,-0.06,-0.05
4.199,-0.065,-0.045
4.2,-0.055,-0.04
4.201,-0.04,-0.04
4.202,-0.045,-0.045
4.203,-0.04,-0.05
4.204,-0.045,-0.055
4.205,-0.05,-0.06
4.206,-0.07,-0.065
4.207,-0.08,-0.07
4.208,-0.08,-0.07
4.209,-0.065,-0.065
4.21,-0.025,-0.06
4.211,-0.03,-0.055
4.212,-0.03,-0.045
4.213,-0.03,-0.03
4.214,0,-0.02
4.215,-0.01,-0.015
4.216,-0.02,-0.005
4.217,-0.035,-0.005
4.218,-0.04,-0.005
4.219,-0.045,-0.01
4.22,-0.04,-0.015
4.221,-0.025,-0.02
4.222,-0.03,-0.03
4.223,-0.03,-0.035
4.224,-0.025,-0.04
4.225,-0.005,-0.045
4.226,-0.035,-0.045
4.227,-0.045,-0.045
4.228,-0.065,-0.045
4.229,-0.1,-0.05
4.23,-0.085,-0.05
4.231,-0.08,-0.055
4.232,-0.08,-0.06
4.233,-0.08,-0.065
4.234,-0.08,-0.075
4.235,-0.09,-0.085
4.236,-0.1,-0.09
4.237,-0.115,-0.1
4.238,-0.12,-0.105
4.239,-0.135,-0.105
4.24,-0.13,-0.11
4.241,-0.105,-0.11
4.242,-0.115,-0.11
4.243,-0.1,-0.11
4.244,-0.105,-0.11
4.245,-0.095,-0.11
4.246,-0.1,-0.105
4.247,-0.12,-0.105
4.248,-0.13,-0.105
4.249,-0.135,-0.1
4.25,-0.12,-0.1
4.251,-0.115,-0.1
4.252,-0.105,-0.105
4.253,-0.105,-0.105
4.254,-0.105,-0.11
4.255,-0.12,-0.115
4.256,-0.14,-0.125
4.257,-0.135,-0.13
4.258,-0.13,-0.13
4.259,-0.145,-0.13
4.26,-0.13,-0.13
4.261,-0.11,-0.13
4.262,-0.11,-0.125
4.263,-0.13,-0.12
4.264,-0.115,-0.115
4.265,-0.11,-0.11
4.266,-0.125,-0.11
4.267,-0.14,-0.11
4.268,-0.14,-0.11
4.269,-0.16,-0.115
4.27,-0.13,-0.12
4.271,-0.125,-0.125
4.272,-0.13,-0.13
4.273,-0.15,-0.13
4.274,-0.12,-0.135
4.275,-0.145,-0.14
4.276,-0.16,-0.14
4.277,-0.175,-0.145
4.278,-0.16,-0.145
4.279,-0.195,-0.145
4.28,-0.185,-0.14
4.281,-0.14,-0.13
4.282,-0.09,-0.115
4.283,-0.045,-0.085
4.284,0.01,-0.045
4.285,0.05,0.005
4.286,0.07,0.07
4.287,0.12,0.145
4.288,0.19,0.225
4.289,0.28,0.305
4.29,0.39,0.38
4.291,0.505,0.44
4.292,0.52,0.475
4.293,0.51,0.49
4.294,0.47,0.475
4.295,0.385,0.43
4.296,0.33,0.36
4.297,0.25,0.275
4.298,0.155,0.175
4.299,0.06,0.08
4.3,-0.06,-0.015
4.301,-0.135,-0.09
4.302,-0.205,-0.15
4.303,-0.22,-0.185
4.304,-0.205,-0.205
4.305,-0.21,-0.205
4.306,-0.195,-0.195
4.307,-0.165,-0.175
4.308,-0.145,-0.155
4.309,-0.13,-0.14
4.31,-0.13,-0.125
4.311,-0.11,-0.115
4.312,-0.09,-0.11
4.313,-0.095,-0.105
4.314,-0.105,-0.1
4.315,-0.115,-0.1
4.316,-0.115,-0.1
4.317,-0.115,-0.095
4.318,-0.115,-0.095
4.319,-0.11,-0.095
4.32,-0.11,-0.095
4.321,-0.08,-0.095
4.322,-0.12,-0.1
4.323,-0.1,-0.1
4.324,-0.08,-0.105
4.325,-0.11,-0.105
4.326,-0.145,-0.105
4.327,-0.125,-0.105
4.328,-0.13,-0.1
4.329,-0.115,-0.09
4.33,-0.11,-0.085
4.331,-0.08,-0.075
4.332,-0.065,-0.07
4.333,-0.07,-0.065
4.334,-0.08,-0.06
4.335,-0.095,-0.06
4.336,-0.1,-0.065
4.337,-0.095,-0.065
4.338,-0.115,-0.07
4.339,-0.11,-0.075
4.34,-0.085,-0.08
4.341,-0.09,-0.08
4.342,-0.065,-0.075
4.343,-0.04,-0.07
4.344,-0.065,-0.065
4.345,-0.045,-0.06
4.346,-0.08,-0.05
4.347,-0.065,-0.045
4.348,-0.1,-0.04
4.349,-0.105,-0.04
4.35,-0.095,-0.04
4.351,-0.08,-0.045
4.352,-0.07,-0.05
4.353,-0.06,-0.055
4.354,-0.08,-0.06
4.355,-0.08,-0.065
4.356,-0.075,-0.065
4.357,-0.055,-0.065
4.358,-0.095,-0.065
4.359,-0.075,-0.06
4.36,-0.055,-0.055
4.361,-0.035,-0.05
4.362,-0.03,-0.05
4.363,-0.03,-0.045
4.364,-0.035,-0.045
4.365,-0.045,-0.045
4.366,-0.04,-0.045
4.367,-0.045,-0.04
4.368,-0.045,-0.035
4.369,-0.045,-0.035
4.37,-0.035,-0.025
4.371,-0.015,-0.02
4.372,0,-0.015
4.373,0.005,-0.01
4.374,0,-0.005
4.375,-0.015,-0.005
4.376,-0.02,0
4.377,-0.025,0
4.378,-0.015,0.005
4.379,0,0.01
4.38,-0.01,0.015
4.381,0.02,0.02
4.382,0.03,0.025
4.383,0.05,0.03
4.384,0.055,0.035
4.385,0.045,0.04
4.386,0.04,0.04
4.387,0.03,0.045
4.388,0.03,0.045
4.389,0.035,0.055
4.39,0.055,0.06
4.391,0.065,0.07
4.392,0.085,0.085
4.393,0.13,0.1
4.394,0.1,0.11
4.395,0.075,0.12
4.396,0.09,0.13
4.397,0.09,0.135
4.398,0.095,0.135
4.399,0.095,0.135
4.4,0.11,0.13
4.401,0.12,0.13
4.402,0.13,0.13
4.403,0.15,0.13
4.404,0.135,0.135
4.405,0.1,0.14
4.406,0.1,0.145
4.407,0.115,0.15
4.408,0.095,0.15
4.409,0.115,0.145
4.41,0.125,0.14
4.411,0.11,0.135
4.412,0.125,0.13
4.413,0.115,0.125
4.414,0.105,0.125
4.415,0.09,0.12
4.416,0.085,0.12
4.417,0.07,0.12
4.418,0.06,0.12
4.419,0.06,0.115
4.42,0.05,0.105
4.421,0.095,0.095
4.422,0.045,0.08
4.423,0.04,0.065
4.424,0.03,0.05
4.425,-0.005,0.035
4.426,-0.015,0.025
4.427,-0.01,0.015
4.428,-0.035,0.005
4.429,-0.04,0
4.43,-0.03,-0.005
4.431,-0.04,-0.01
4.432,-0.05,-0.015
4.433,-0.04,-0.02
4.434,-0.06,-0.03
4.435,-0.1,-0.035
4.436,-0.105,-0.04
4.437,-0.105,-0.045
4.438,-0.115,-0.055
4.439,-0.095,-0.06
4.44,-0.09,-0.065
4.441,-0.065,-0.075
4.442,-0.085,-0.08
4.443,-0.09,-0.085
4.444,-0.115,-0.09
4.445,-0.135,-0.09
4.446,-0.135,-0.09
4.447,-0.115,-0.09
4.448,-0.125,-0.09
4.449,-0.125,-0.085
4.45,-0.12,-0.085
4.451,-0.11,-0.085
4.452,-0.095,-0.09
4.453,-0.1,-0.09
4.454,-0.115,-0.095
4.455,-0.125,-0.1
4.456,-0.14,-0.105
4.457,-0.145,-0.105
4.458,-0.14,-0.11
4.459,-0.12,-0.105
4.46,-0.115,-0.105
4.461,-0.105,-0.1
4.462,-0.105,-0.09
4.463,-0.1,-0.085
4.464,-0.115,-0.08
4.465,-0.12,-0.08
4.466,-0.135,-0.08
4.467,-0.14,-0.085
4.468,-0.14,-0.085
4.469,-0.125,-0.09
4.47,-0.105,-0.095
4.471,-0.11,-0.1
4.472,-0.1,-0.1
4.473,-0.105,-0.095
4.474,-0.1,-0.09
4.475,-0.105,-0.085
4.476,-0.11,-0.08
4.477,-0.125,-0.07
4.478,-0.14,-0.065
4.479,-0.125,-0.065
4.48,-0.115,-0.065
4.481,-0.135,-0.07
4.482,-0.105,-0.08
4.483,-0.11,-0.085
4.484,-0.12,-0.095
4.485,-0.125,-0.1
4.486,-0.125,-0.105
4.487,-0.125,-0.105
4.488,-0.12,-0.105
4.489,-0.125,-0.1
4.49,-0.11,-0.09
4.491,-0.095,-0.085
4.492,-0.09,-0.075
4.493,-0.095,-0.07
4.494,-0.105,-0.065
4.495,-0.11,-0.065
4.496,-0.1,-0.065
4.497,-0.12,-0.07
4.498,-0.13,-0.07
4.499,-0.125,-0.07
4.5,-0.105,-0.075
4.501,-0.105,-0.075
4.502,-0.095,-0.075
4.503,-0.105,-0.08
4.504,-0.11,-0.08
4.505,-0.1,-0.08
4.506,-0.13,-0.08
4.507,-0.135,-0.08
4.508,-0.125,-0.08
4.509,-0.11,-0.08
4.51,-0.11,-0.08
4.511,-0.095,-0.075
4.512,-0.09,-0.07
4.513,-0.08,-0.065
4.514,-0.085,-0.065
4.515,-0.095,-0.06
4.516,-0.12,-0.055
4.517,-0.12,-0.055
4.518,-0.13,-0.055
4.519,-0.115,-0.055
4.52,-0.12,-0.055
4.521,-0.1,-0.055
4.522,-0.09,-0.055
4.523,-0.095,-0.055
4.524,-0.11,-0.055
4.525,-0.12,-0.05
4.526,-0.12,-0.05
4.527,-0.12,-0.05
4.528,-0.12,-0.055
4.529,-0.11,-0.055
4.53,-0.11,-0.055
4.531,-0.1,-0.06
4.532,-0.1,-0.06
4.533,-0.11,-0.065
4.534,-0.12,-0.065
4.535,-0.125,-0.07
4.536,-0.12,-0.075
4.537,-0.13,-0.075
4.538,-0.135,-0.08
4.539,-0.125,-0.085
4.54,-0.115,-0.085
4.541,-0.105,-0.09
4.542,-0.095,-0.09
4.543,-0.125,-0.09
4.544,-0.13,-0.09
4.545,-0.135,-0.085
4.546,-0.135,-0.085
4.547,-0.145,-0.08
4.548,-0.125,-0.08
4.549,-0.115,-0.08
4.55,-0.13,-0.08
4.551,-0.115,-0.075
4.552,-0.115,-0.075
4.553,-0.11,-0.075
4.554,-0.125,-0.07
4.555,-0.125,-0.07
4.556,-0.135,-0.065
4.557,-0.13,-0.065
4.558,-0.125,-0.065
4.559,-0.125,-0.065
4.56,-0.13,-0.07
4.561,-0.125,-0.07
4.562,-0.12,-0.075
4.563,-0.14,-0.08
4.564,-0.14,-0.08
4.565,-0.14,-0.08
4.566,-0.145,-0.08
4.567,-0.16,-0.08
4.568,-0.14,-0.08
4.569,-0.13,-0.08
4.57,-0.12,-0.075
4.571,-0.115,-0.075
4.572,-0.11,-0.07
4.573,-0.13,-0.07
4.574,-0.14,-0.07
4.575,-0.14,-0.07
4.576,-0.15,-0.07
4.577,-0.155,-0.07
4.578,-0.135,-0.07
4.579,-0.125,-0.075
4.58,-0.11,-0.075
4.581,-0.1,-0.075
4.582,-0.1,-0.075
4.583,-0.13,-0.075
4.584,-0.125,-0.07
4.585,-0.14,-0.07
4.586,-0.15,-0.07
4.587,-0.15,-0.07
4.588,-0.13,-0.07
4.589,-0.12,-0.07
4.59,-0.13,-0.07
4.591,-0.105,-0.075
4.592,-0.125,-0.075
4.593,-0.14,-0.075
4.594,-0.145,-0.08
4.595,-0.135,-0.075
4.596,-0.14,-0.075
4.597,-0.16,-0.075
4.598,-0.125,-0.075
4.599,-0.13,-0.075
4.6,-0.14,-0.075
4.601,-0.135,-0.075
4.602,-0.14,-0.075
4.603,-0.15,-0.08
4.604,-0.135,-0.08
4.605,-0.145,-0.08
4.606,-0.15,-0.08
4.607,-0.15,-0.08
4.608,-0.13,-0.075
4.609,-0.12,-0.075
4.61,-0.11,-0.07
4.611,-0.1,-0.065
4.612,-0.11,-0.065
4.613,-0.105,-0.06
4.614,-0.11,-0.055
4.615,-0.105,-0.05
4.616,-0.115,-0.05
4.617,-0.11,-0.045
4.618,-0.12,-0.045
4.619,-0.1,-0.045
4.62,-0.11,-0.045
4.621,-0.085,-0.04
4.622,-0.105,-0.04
4.623,-0.1,-0.04
4.624,-0.1,-0.04
4.625,-0.095,-0.035
4.626,-0.085,-0.03
4.627,-0.085,-0.025
4.628,-0.08,-0.02
4.629,-0.06,-0.01
4.63,-0.06,-0.005
4.631,-0.045,0.005
4.632,-0.06,0.01
4.633,-0.07,0.015
4.634,-0.06,0.015
4.635,-0.07,0.02
4.636,-0.07,0.015
4.637,-0.065,0.01
4.638,-0.075,0.005
4.639,-0.085,-0.005
4.64,-0.07,-0.015
4.641,-0.09,-0.025
4.642,-0.1,-0.035
4.643,-0.1,-0.04
4.644,-0.115,-0.045
4.645,-0.125,-0.045
4.646,-0.14,-0.045
4.647,-0.13,-0.045
4.648,-0.125,-0.045
4.649,-0.125,-0.045
4.65,-0.135,-0.05
4.651,-0.125,-0.055
4.652,-0.14,-0.06
4.653,-0.13,-0.065
4.654,-0.13,-0.075
4.655,-0.145,-0.08
4.656,-0.15,-0.08
4.657,-0.135,-0.08
4.658,-0.14,-0.08
4.659,-0.14,-0.075
4.66,-0.115,-0.075
4.661,-0.13,-0.07
4.662,-0.145,-0.07
4.663,-0.15,-0.075
4.664,-0.145,-0.075
4.665,-0.16,-0.08
4.666,-0.165,-0.08
4.667,-0.145,-0.085
4.668,-0.135,-0.085
4.669,-0.13,-0.08
4.67,-0.13,-0.08
4.671,-0.14,-0.075
4.672,-0.14,-0.075
4.673,-0.15,-0.075
4.674,-0.165,-0.075
4.675,-0.16,-0.075
4.676,-0.185,-0.075
4.677,-0.15,-0.08
4.678,-0.135,-0.08
4.679,-0.13,-0.08
4.68,-0.145,-0.08
4.681,-0.135,-0.08
4.682,-0.135,-0.08
4.683,-0.16,-0.08
4.684,-0.16,-0.085
4.685,-0.17,-0.09
4.686,-0.185,-0.095
4.687,-0.17,-0.1
4.688,-0.175,-0.105
4.689,-0.165,-0.105
4.69,-0.17,-0.105
4.691,-0.165,-0.105
4.692,-0.18,-0.105
4.693,-0.195,-0.105
4.694,-0.21,-0.1
4.695,-0.19,-0.095
4.696,-0.165,-0.085
4.697,-0.11,-0.06
4.698,-0.05,-0.025
4.699,0,0.025
4.7,0.055,0.09
4.701,0.125,0.175
4.702,0.185,0.265
4.703,0.28,0.36
4.704,0.375,0.455
4.705,0.495,0.53
4.706,0.585,0.59
4.707,0.58,0.615
4.708,0.555,0.61
4.709,0.49,0.575
4.71,0.43,0.51
4.711,0.325,0.415
4.712,0.235,0.31
4.713,0.105,0.195
4.714,-0.01,0.085
4.715,-0.12,-0.01
4.716,-0.24,-0.09
4.717,-0.275,-0.145
4.718,-0.26,-0.175
4.719,-0.22,-0.185
4.72,-0.195,-0.175
4.721,-0.185,-0.155
4.722,-0.15,-0.13
4.723,-0.135,-0.105
4.724,-0.16,-0.08
4.725,-0.145,-0.06
4.726,-0.14,-0.05
4.727,-0.125,-0.045
4.728,-0.115,-0.05
4.729,-0.115,-0.05
4.73,-0.11,-0.055
4.731,-0.11,-0.06
4.732,-0.135,-0.06
4.733,-0.13,-0.06
4.734,-0.14,-0.06
4.735,-0.145,-0.055
4.736,-0.15,-0.05
4.737,-0.12,-0.05
4.738,-0.12,-0.05
4.739,-0.115,-0.05
4.74,-0.105,-0.055
4.741,-0.09,-0.06
4.742,-0.115,-0.06
4.743,-0.125,-0.06
4.744,-0.125,-0.06
4.745,-0.13,-0.06
4.746,-0.125,-0.055
4.747,-0.12,-0.05
4.748,-0.095,-0.045
4.749,-0.1,-0.04
4.75,-0.1,-0.04
4.751,-0.1,-0.04
4.752,-0.11,-0.04
4.753,-0.12,-0.04
4.754,-0.12,-0.04
4.755,-0.125,-0.035
4.756,-0.1,-0.035
4.757,-0.11,-0.03
4.758,-0.09,-0.025
4.759,-0.08,-0.02
4.76,-0.08,-0.015
4.761,-0.075,-0.01
4.762,-0.08,-0.01
4.763,-0.085,-0.005
4.764,-0.1,-0.005
4.765,-0.095,-0.005
4.766,-0.1,-0.01
4.767,-0.075,-0.01
4.768,-0.075,-0.01
4.769,-0.07,-0.01
4.77,-0.065,-0.01
4.771,-0.065,-0.005
4.772,-0.08,-0.005
4.773,-0.09,-0.005
4.774,-0.095,0
4.775,-0.095,0
4.776,-0.075,0
4.777,-0.07,0
4.778,-0.06,0.005
4.779,-0.04,0.005
4.78,-0.035,0.005
4.781,-0.045,0.005
4.782,-0.065,0.005
4.783,-0.065,0.01
4.784,-0.055,0.015
4.785,-0.05,0.02
4.786,-0.045,0.03
4.787,-0.04,0.035
4.788,-0.025,0.045
4.789,0.005,0.05
4.79,0.005,0.055
4.791,0.015,0.06
4.792,0.005,0.065
4.793,-0.01,0.065
4.794,-0.01,0.07
4.795,-0.02,0.075
4.796,-0.005,0.075
4.797,0.005,0.08
4.798,0.03,0.085
4.799,0.025,0.09
4.8,0.04,0.095
4.801,0.065,0.1
4.802,0.06,0.105
4.803,0.055,0.11
4.804,0.055,0.115
4.805,0.045,0.12
4.806,0.06,0.125
4.807,0.07,0.135
4.808,0.075,0.14
4.809,0.095,0.15
4.81,0.12,0.155
4.811,0.115,0.16
4.812,0.125,0.17
4.813,0.12,0.175
4.814,0.12,0.18
4.815,0.115,0.185
4.816,0.11,0.19
4.817,0.125,0.195
4.818,0.15,0.2
4.819,0.14,0.205
4.82,0.145,0.205
4.821,0.145,0.21
4.822,0.13,0.21
4.823,0.11,0.21
4.824,0.095,0.205
4.825,0.095,0.2
4.826,0.095,0.195
4.827,0.12,0.185
4.828,0.12,0.18
4.829,0.125,0.18
4.83,0.125,0.175
4.831,0.105,0.175
4.832,0.095,0.175
4.833,0.07,0.175
4.834,0.06,0.17
4.835,0.045,0.16
4.836,0.04,0.155
4.837,0.04,0.14
4.838,0.04,0.125
4.839,0.015,0.11
4.84,0.02,0.095
4.841,0.015,0.08
4.842,-0.025,0.065
4.843,-0.055,0.055
4.844,-0.045,0.045
4.845,-0.05,0.04
4.846,-0.065,0.035
4.847,-0.065,0.03
4.848,-0.045,0.025
4.849,-0.055,0.02
4.85,-0.055,0.02
4.851,-0.07,0.015
4.852,-0.085,0.01
4.853,-0.105,0.005
4.854,-0.11,0.005
4.855,-0.11,0
4.856,-0.115,-0.005
4.857,-0.11,-0.015
4.858,-0.105,-0.02
4.859,-0.11,-0.03
4.86,-0.105,-0.04
4.861,-0.1,-0.045
4.862,-0.095,-0.055
4.863,-0.13,-0.06
4.864,-0.135,-0.06
4.865,-0.14,-0.06
4.866,-0.115,-0.06
4.867,-0.125,-0.05
4.868,-0.125,-0.045
4.869,-0.095,-0.04
4.87,-0.1,-0.035
4.871,-0.125,-0.035
4.872,-0.14,-0.035
4.873,-0.135,-0.04
4.874,-0.14,-0.045
4.875,-0.145,-0.05
4.876,-0.125,-0.055
4.877,-0.115,-0.06
4.878,-0.11,-0.06
4.879,-0.12,-0.055
4.88,-0.11,-0.055
4.881,-0.125,-0.05
4.882,-0.125,-0.045
4.883,-0.125,-0.04
4.884,-0.125,-0.04
4.885,-0.135,-0.04
4.886,-0.115,-0.045
4.887,-0.12,-0.045
4.888,-0.11,-0.05
4.889,-0.1,-0.05
4.89,-0.085,-0.055
4.891,-0.105,-0.055
4.892,-0.11,-0.055
4.893,-0.125,-0.055
4.894,-0.125,-0.05
4.895,-0.125,-0.05
4.896,-0.12,-0.05
4.897,-0.095,-0.05
4.898,-0.095,-0.05
4.899,-0.09,-0.045
4.9,-0.1,-0.045
4.901,-0.105,-0.04
4.902,-0.115,-0.035
4.903,-0.115,-0.03
4.904,-0.125,-0.025
4.905,-0.13,-0.025
4.906,-0.105,-0.025
4.907,-0.1,-0.025
4.908,-0.08,-0.025
4.909,-0.09,-0.03
4.91,-0.075,-0.035
4.911,-0.1,-0.035
4.912,-0.125,-0.035
4.913,-0.12,-0.035
4.914,-0.125,-0.035
4.915,-0.13,-0.03
4.916,-0.09,-0.03
4.917,-0.095,-0.03
4.918,-0.08,-0.03
4.919,-0.07,-0.03
4.92,-0.08,-0.03
4.921,-0.09,-0.03
4.922,-0.11,-0.03
4.923,-0.115,-0.035
4.924,-0.12,-0.03
4.925,-0.11,-0.03
4.926,-0.1,-0.03
4.927,-0.1,-0.03
4.928,-0.09,-0.03
4.929,-0.08,-0.03
4.93,-0.095,-0.03
4.931,-0.105,-0.03
4.932,-0.105,-0.03
4.933,-0.125,-0.025
4.934,-0.115,-0.025
4.935,-0.11,-0.02
4.936,-0.105,-0.02
4.937,-0.1,-0.02
4.938,-0.09,-0.025
4.939,-0.095,-0.025
4.94,-0.1,-0.03
4.941,-0.115,-0.03
4.942,-0.11,-0.03
4.943,-0.105,-0.03
4.944,-0.08,-0.025
4.945,-0.075,-0.015
4.946,-0.055,-0.005
4.947,-0.045,0.005
4.948,-0.025,0.02
4.949,0,0.03
4.95,0,0.045
4.951,-0.005,0.055
4.952,-0.025,0.065
4.953,-0.01,0.07
4.954,-0.015,0.08
4.955,-0.025,0.085
4.956,0.005,0.085
4.957,0.015,0.09
4.958,0.02,0.09
4.959,0.035,0.09
4.96,0.035,0.085
4.961,0.015,0.085
4.962,0.005,0.08
4.963,-0.01,0.08
4.964,-0.01,0.075
4.965,0.015,0.075
4.966,0.03,0.08
4.967,0.035,0.08
4.968,0.035,0.08
4.969,0.04,0.08
4.97,0.02,0.085
4.971,0.01,0.08
4.972,0.005,0.08
4.973,0.005,0.08
4.974,0.01,0.075
4.975,0.01,0.075
4.976,0.025,0.075
4.977,0.03,0.075
4.978,0.045,0.08
4.979,0.055,0.08
4.98,0.05,0.085
4.981,0.03,0.09
4.982,0.01,0.095
4.983,0.01,0.1
4.984,0.005,0.105
4.985,0.005,0.105
4.986,0.025,0.11
4.987,0.04,0.105
4.988,0.05,0.105
4.989,0.035,0.1
4.99,0.025,0.1
4.991,0.02,0.095
4.992,0.01,0.095
4.993,0.015,0.095
4.994,0.015,0.095
4.995,0.015,0.095
4.996,0.03,0.095
4.997,0.02,0.095
4.998,0.035,0.095
4.999,0.04,0.095


